DONOSTIA;
2024;;Acer;Aesculus;Alnus;Artemisia;Betula;Buxus;Carex;Castanea;Casuarina;Cedrus;Cistaceae;Compositae (otras);Corylus;Cupress/Taxaceae;Cyperus;Chenopo/Amarant;Equium;Ericaceae;Eucalyptus;Fraxinus;Gleditsia;Juglans;Juncaceae;Labiateae;Ligustrum;Mercurialis;Mimosa;Morus;No identificados;Olea;Palmaceae;Pinus;Plantago;Platanus;Poaceae;Populus;Quercus;Rosacea;Rumex;Salix;Sophora;Taraxacum;Tilia;Typha;Ulmus;Umbelliferae;Urticaceae;TOTAL;Alternaria;
1   Ene.;;0;0;0;0;0;;0;0;;1;;0;2;2;;0;;0;0;0;;0;;;0;0;0;;1;0;;0;1;0;0;0;0;0;0;0;;0;0;;0;0;1;8;0;
2   Ene.;;0;0;0;0;0;;0;0;;0;;0;1;1;;0;;0;0;0;;0;;;0;0;0;;1;0;;0;0;0;0;0;0;0;0;0;;0;0;;0;0;0;3;1;
3   Ene.;;0;0;0;0;0;;0;0;;0;;0;0;3;;0;;0;0;0;;0;;;0;0;0;;0;0;;0;0;0;0;0;0;0;0;0;;0;0;;0;0;1;4;1;
4   Ene.;;0;0;0;0;0;;0;0;;0;;0;0;4;;0;;0;0;1;;0;;;0;0;0;;2;0;;1;0;0;0;0;0;0;0;0;;0;0;;0;0;0;8;1;
5   Ene.;;0;0;0;0;0;;0;0;;0;;0;0;0;;0;;0;0;0;;0;;;0;0;0;;0;0;;0;0;0;0;0;0;0;0;0;;0;0;;0;0;0;0;0;
6   Ene.;;0;0;0;0;0;;0;0;;0;;0;0;0;;0;;0;0;0;;0;;;0;0;0;;0;0;;0;0;0;0;0;0;0;0;0;;0;0;;0;0;0;0;0;
7   Ene.;;0;0;0;0;0;;0;0;;0;;0;0;1;;0;;0;0;0;;0;;;0;0;0;;0;0;;0;0;0;0;0;0;0;0;0;;0;0;;0;0;0;1;0;
8   Ene.;;0;0;0;0;0;;0;0;;0;;0;1;1;;0;;0;0;0;;0;;;0;0;0;;1;0;;0;0;0;0;0;0;0;0;1;;0;0;;0;0;0;4;2;
9   Ene.;;0;0;0;0;0;;0;0;;0;;0;1;0;;0;;0;0;0;;0;;;0;0;0;;0;0;;0;0;0;0;0;0;0;0;0;;0;0;;0;0;1;2;0;
10 Ene.;;0;0;0;0;0;;0;0;;0;;0;0;0;;0;;0;0;0;;0;;;0;0;0;;0;0;;0;0;0;0;0;0;0;0;0;;0;0;;0;0;0;0;0;
11 Ene.;;0;0;0;0;0;;0;0;;0;;0;0;0;;0;;0;0;0;;0;;;0;0;0;;0;0;;0;0;0;0;0;0;0;0;0;;0;0;;0;0;0;0;1;
12-01-24;;Sin datos disponibles;;;;;;;;;;;;;;;;;;;;;;;;;;;;;;;;;;;;;;;;;;;;;;;;;
13-01-24;;Sin datos disponibles;;;;;;;;;;;;;;;;;;;;;;;;;;;;;;;;;;;;;;;;;;;;;;;;;
14-01-24;;Sin datos disponibles;;;;;;;;;;;;;;;;;;;;;;;;;;;;;;;;;;;;;;;;;;;;;;;;;
15-01-24;;Sin datos disponibles;;;;;;;;;;;;;;;;;;;;;;;;;;;;;;;;;;;;;;;;;;;;;;;;;
16-01-24;;Sin datos disponibles;;;;;;;;;;;;;;;;;;;;;;;;;;;;;;;;;;;;;;;;;;;;;;;;;
17-01-24;;Sin datos disponibles;;;;;;;;;;;;;;;;;;;;;;;;;;;;;;;;;;;;;;;;;;;;;;;;;
18-01-24;;Sin datos disponibles;;;;;;;;;;;;;;;;;;;;;;;;;;;;;;;;;;;;;;;;;;;;;;;;;
19-01-24;;Sin datos disponibles;;;;;;;;;;;;;;;;;;;;;;;;;;;;;;;;;;;;;;;;;;;;;;;;;
20-01-24;;Sin datos disponibles;;;;;;;;;;;;;;;;;;;;;;;;;;;;;;;;;;;;;;;;;;;;;;;;;
21-01-24;;Sin datos disponibles;;;;;;;;;;;;;;;;;;;;;;;;;;;;;;;;;;;;;;;;;;;;;;;;;
22-01-24;;Sin datos disponibles;;;;;;;;;;;;;;;;;;;;;;;;;;;;;;;;;;;;;;;;;;;;;;;;;
23-01-24;;Sin datos disponibles;;;;;;;;;;;;;;;;;;;;;;;;;;;;;;;;;;;;;;;;;;;;;;;;;
24-01-24;;Sin datos disponibles;;;;;;;;;;;;;;;;;;;;;;;;;;;;;;;;;;;;;;;;;;;;;;;;;
25-01-24;;Sin datos disponibles;;;;;;;;;;;;;;;;;;;;;;;;;;;;;;;;;;;;;;;;;;;;;;;;;
26 Ene.;;0;0;1;0;0;;0;0;;0;;0;1;4;;0;;0;0;0;;0;;;0;0;0;;1;0;;1;0;0;0;0;0;0;0;0;;0;0;;0;0;0;8;1;
27 Ene.;;0;0;10;0;0;;0;0;;0;;0;70;42;;0;;0;0;1;;0;;;0;0;0;;3;0;;1;0;0;0;0;0;0;0;0;;0;0;;0;0;2;129;1;
28 Ene.;;0;0;24;0;0;;0;0;;0;;0;71;155;;0;;0;0;11;;0;;;0;1;0;;5;0;;5;0;0;1;0;0;0;0;0;;0;0;;0;0;2;275;0;
29 Ene.;;0;0;13;1;0;;0;0;;0;;0;34;77;;0;;0;0;7;;0;;;0;0;0;;2;0;;4;0;0;2;0;0;0;0;0;;0;0;;0;0;4;144;4;
30 Ene.;;0;0;6;0;0;;0;0;;0;;0;23;9;;0;;0;0;4;;0;;;0;0;0;;1;0;;15;0;0;1;0;0;0;0;0;;0;0;;0;0;1;60;3;
31 Ene.;;0;0;11;0;1;;0;0;;0;;0;11;7;;0;;0;0;5;;0;;;0;0;0;;1;0;;6;0;0;0;0;0;0;0;3;;0;0;;0;0;1;46;1;
1    Feb.;;0;0;0;0;0;;0;0;;0;;0;2;1;;0;;0;1;1;;0;;;0;0;0;;0;0;;1;0;0;0;0;0;0;0;1;;0;0;;0;0;1;8;0;
2   Feb.;;0;0;21;0;0;;0;0;;0;;0;5;0;;0;;0;0;0;;0;;;0;0;0;;0;0;;3;0;0;0;0;0;0;0;0;;0;0;;0;0;0;29;0;
3   Feb.;;0;0;71;0;0;;0;0;;0;;0;23;2;;0;;0;0;5;;0;;;0;1;1;;0;0;;9;0;0;1;0;0;0;0;1;;0;0;;0;0;1;115;0;
4   Feb.;;0;0;13;0;0;;0;0;;0;;0;4;4;;0;;0;0;1;;0;;;0;0;0;;0;0;;7;0;0;0;0;0;0;0;1;;0;0;;0;0;0;30;0;
5   Feb.;;0;0;4;0;0;;0;0;;0;;0;5;4;;0;;0;0;0;;0;;;0;0;0;;1;0;;8;0;0;0;0;0;0;0;0;;0;0;;0;0;0;22;0;
6   Feb.;;0;0;63;0;0;;0;0;;0;;0;38;19;;0;;0;0;3;;0;;;0;0;0;;0;0;;53;0;0;0;0;0;0;0;1;;0;0;;1;0;2;180;0;
7   Feb.;;0;0;163;0;0;;0;0;;0;;0;116;59;;0;;0;1;8;;0;;;0;0;1;;5;0;;139;0;0;1;0;0;0;0;4;;0;0;;0;0;5;502;1;
8   Feb.;;0;0;74;0;0;;0;0;;0;;0;55;82;;0;;0;0;14;;0;;;0;0;1;;4;0;;45;0;0;1;1;0;0;0;2;;0;0;;3;0;4;286;0;
9   Feb.;;0;0;24;0;0;;0;0;;0;;0;7;7;;0;;0;0;2;;0;;;0;1;0;;4;0;;14;0;0;1;0;0;0;0;2;;0;0;;1;0;2;65;1;
10 Feb.;;0;0;7;0;0;;0;0;;0;;0;4;1;;0;;0;1;0;;0;;;0;0;0;;0;0;;17;0;0;0;0;0;0;0;0;;0;0;;0;0;0;30;0;
11 Feb.;;0;0;42;0;0;;0;0;;0;;0;7;7;;0;;0;1;2;;0;;;0;0;0;;4;0;;30;0;0;0;1;0;0;0;2;;0;0;;0;0;0;96;0;
12 Feb.;;0;0;5;0;0;;0;0;;0;;0;1;6;;0;;0;0;5;;0;;;0;0;0;;0;0;;5;0;0;1;0;0;0;0;1;;0;0;;0;0;0;24;0;
13 Feb.;;0;0;94;0;0;;0;0;;0;;0;11;95;;0;;1;0;4;;0;;;0;0;0;;1;0;;38;0;0;1;0;0;0;0;14;;0;0;;1;0;1;261;0;
14 Feb.;;0;0;309;0;0;;0;0;;0;;0;31;316;;0;;0;0;9;;0;;;0;0;0;;2;0;;26;0;0;2;5;0;0;0;35;;0;0;;1;0;7;743;1;
15 Feb.;;0;0;50;0;0;;0;0;;0;;0;5;38;;0;;0;0;4;;0;;;0;0;0;;2;0;;5;0;0;1;0;0;0;0;10;;0;0;;0;0;2;117;0;
16 Feb.;;0;0;1;0;0;;0;0;;0;;0;0;0;;0;;0;0;1;;0;;;0;0;0;;1;0;;1;0;0;0;0;0;0;0;1;;0;0;;0;0;0;5;0;
17 Feb.;;0;0;103;0;0;;0;0;;0;;0;4;6;;0;;0;0;2;;0;;;0;0;0;;0;0;;0;0;0;2;1;0;0;0;5;;0;0;;0;0;0;123;0;
18 Feb.;;0;0;12;0;0;;0;0;;0;;0;1;5;;0;;0;0;1;;0;;;0;0;0;;0;0;;2;0;0;0;0;0;0;0;1;;0;0;;1;0;1;24;1;
19 Feb.;;0;0;4;0;0;;0;0;;0;;0;1;1;;0;;0;0;1;;0;;;0;0;0;;1;0;;0;0;0;0;1;0;0;0;2;;0;0;;0;0;1;12;0;
20 Feb.;;0;0;190;0;0;;0;0;;0;;0;4;14;;0;;0;1;4;;0;;;0;1;0;;0;0;;7;0;0;2;2;1;0;0;10;;0;0;;2;0;0;238;1;
21 Feb.;;0;0;331;0;0;;0;0;;0;;0;31;88;;0;;0;0;21;;0;;;0;0;0;;5;0;;53;0;0;2;3;5;0;0;76;;0;0;;6;0;7;628;0;
22 Feb.;;0;0;47;0;0;;0;0;;0;;0;10;16;;0;;0;1;7;;0;;;0;0;0;;3;0;;13;0;0;1;0;0;0;0;14;;0;0;;0;0;2;114;0;
23 Feb.;;0;0;4;0;0;;0;0;;0;;0;1;0;;0;;0;0;1;;0;;;0;0;0;;0;0;;1;0;0;0;0;0;0;0;1;;0;0;;0;0;0;8;0;
24 Feb.;;0;0;5;0;0;;0;0;;0;;0;1;0;;0;;0;0;2;;0;;;0;0;0;;0;0;;2;0;0;0;0;0;0;0;1;;0;0;;0;0;0;11;0;
25 Feb.;;0;0;42;0;0;;0;0;;0;;0;5;8;;0;;0;0;5;;0;;;0;0;0;;1;0;;8;0;0;1;0;1;0;0;9;;0;0;;1;0;1;82;0;
26 Feb.;;0;0;1;0;0;;0;0;;0;;0;0;0;;0;;0;0;1;;0;;;0;0;0;;0;0;;0;0;0;0;0;0;0;0;1;;0;0;;0;0;0;3;0;
27 Feb.;;0;0;1;0;0;;0;0;;0;;0;0;1;;0;;0;0;0;;0;;;0;0;0;;0;0;;0;0;0;0;0;0;0;0;0;;0;0;;0;0;0;2;0;
28 Feb.;;0;0;1;0;0;;0;0;;0;;0;1;2;;0;;0;0;1;;0;;;0;0;0;;3;0;;0;0;0;0;0;0;0;0;1;;0;0;;0;0;1;10;5;
29 Feb;;0;0;3;0;0;;0;0;;0;;0;1;2;;0;;0;0;1;;0;;;0;0;0;;0;0;;0;0;0;0;0;1;0;0;1;;0;0;;0;0;1;10;0;
1 Mar.;;0;0;77;0;0;;0;0;;0;;0;5;25;;0;;0;0;8;;0;;;0;0;0;;0;0;;10;0;0;1;0;10;0;0;7;;0;0;;0;0;3;146;0;
2 Mar.;;0;0;2;0;0;;0;0;;0;;0;0;1;;0;;0;0;0;;0;;;0;0;0;;0;0;;0;1;0;0;0;1;0;0;1;;0;0;;0;0;0;6;0;
3 Mar.;;0;0;0;0;0;;0;0;;0;;0;0;1;;0;;0;0;3;;0;;;0;0;0;;0;0;;0;0;0;0;0;1;0;0;2;;0;0;;0;0;0;7;0;
4 Mar.;;0;0;19;0;1;;0;0;;0;;0;1;1;;0;;0;0;3;;0;;;0;0;0;;0;0;;1;0;0;0;0;2;0;0;2;;0;0;;0;0;2;32;0;
5 Mar.;;0;0;4;0;0;;0;0;;0;;0;1;3;;0;;0;0;1;;0;;;0;0;0;;1;0;;1;0;0;0;0;0;0;0;5;;0;0;;0;0;1;17;0;
6 Mar.;;0;0;74;0;3;;1;0;;0;;0;5;40;;0;;0;0;24;;0;;;0;1;0;;0;1;;1;0;4;0;1;11;0;0;19;;0;0;;2;0;1;188;0;
7 Mar.;;0;0;97;0;2;;0;0;;0;;0;1;125;;1;;0;0;23;;0;;;0;0;0;;8;1;;2;1;1;0;10;17;0;0;29;;0;0;;1;0;11;330;1;
8 Mar.;;0;0;60;0;0;;0;0;;0;;0;0;46;;0;;0;0;14;;0;;;0;0;0;;2;1;;2;0;2;0;1;6;0;0;16;;0;0;;0;0;5;155;2;
9 Mar.;;0;0;17;0;0;;0;0;;0;;0;0;7;;0;;0;0;9;;0;;;0;0;0;;2;0;;1;0;2;0;1;4;0;0;5;;0;0;;0;0;3;51;0;
10 Mar.;;0;0;1;0;0;;0;0;;0;;0;0;0;;0;;0;1;2;;0;;;0;0;0;;1;0;;0;0;0;0;0;1;0;0;0;;0;0;;0;0;1;7;0;
11 Mar.;;0;0;1;0;0;;0;0;;0;;0;0;1;;0;;0;1;1;;0;;;0;0;0;;0;0;;1;0;1;0;0;0;0;0;1;;0;0;;0;0;0;7;0;
12 Mar.;;0;0;4;0;0;;0;0;;0;;0;1;8;;0;;0;0;11;;0;;;0;0;0;;2;0;;2;0;2;0;0;7;0;0;0;;0;0;;0;0;2;39;0;
13 Mar.;;0;0;67;0;2;;2;0;;0;;0;5;169;;0;;0;1;55;;0;;;0;0;0;;14;0;;27;4;19;10;2;62;0;1;16;;0;0;;1;0;10;467;0;
14 Mar.;;0;0;17;0;1;;1;0;;0;;0;1;26;;0;;1;0;40;;0;;;0;1;0;;10;0;;16;1;31;3;4;20;0;2;8;;0;0;;1;0;34;218;0;
15 Mar.;;0;0;3;0;0;;0;0;;0;;0;1;4;;0;;0;0;18;;0;;;0;0;0;;2;0;;5;1;5;1;1;5;0;1;7;;0;0;;0;0;7;61;0;
16 Mar.;;0;0;19;0;11;;0;0;;0;;0;0;61;;0;;0;0;130;;0;;;0;0;0;;17;0;;65;1;233;3;29;63;0;2;33;;0;0;;4;0;20;691;0;
17 Mar.;;0;0;4;0;1;;0;0;;0;;0;0;4;;0;;0;0;28;;0;;;0;1;0;;8;0;;10;1;40;1;4;5;0;0;12;;0;0;;1;0;3;123;0;
18 Mar.;;0;0;2;0;2;;0;0;;0;;0;0;8;;0;;0;0;15;;1;;;0;1;0;;4;1;;20;1;26;1;5;11;0;0;14;;0;0;;1;0;1;114;0;
19 Mar.;;0;0;0;0;1;;0;0;;0;;0;0;4;;0;;0;0;13;;0;;;0;1;0;;5;0;;3;0;13;4;4;14;0;0;4;;0;0;;0;0;1;67;0;
20 Mar.;;0;0;0;0;3;;1;0;;0;;0;0;12;;0;;0;0;14;;0;;;0;0;0;;4;1;;6;1;10;0;4;3;0;0;2;;0;0;;0;0;4;65;0;
21 Mar.;;0;0;2;0;2;;1;0;;0;;1;0;10;;0;;0;0;17;;0;;;0;1;0;;8;0;;53;1;50;2;10;20;0;2;8;;0;0;;0;0;5;193;0;
22 Mar.;;0;0;1;0;4;;0;0;;0;;0;0;4;;0;;0;0;19;;0;;;0;1;0;;4;0;;4;0;26;5;2;5;0;0;3;;0;0;;0;0;2;80;1;
23 Mar.;;0;0;1;0;0;;0;0;;0;;0;0;2;;0;;0;0;0;;1;;;0;0;0;;0;0;;34;1;34;1;0;2;0;1;1;;0;0;;0;0;0;78;0;
24 Mar.;;1;0;0;0;0;;0;0;;0;;0;0;1;;0;;0;0;4;;1;;;0;0;0;;1;0;;39;0;25;0;2;3;0;0;0;;0;0;;0;0;0;77;0;
25 Mar.;;0;0;8;1;28;;1;0;;0;;0;0;20;;0;;0;1;13;;2;;;0;0;0;;10;0;;16;1;352;1;3;76;0;0;0;;0;0;;0;0;7;540;1;
26 Mar.;;1;0;4;0;10;;0;0;;0;;0;0;1;;0;;0;0;11;;1;;;0;0;0;;8;0;;7;0;98;0;7;33;0;0;0;;0;0;;0;0;0;181;1;
27 Mar.;;1;0;2;0;14;;1;0;;0;;0;0;8;;0;;0;0;33;;1;;;0;0;0;;0;0;;11;0;206;2;4;32;0;0;0;;0;0;;0;0;2;317;0;
28 Mar.;;1;0;1;0;11;;1;0;;0;;0;0;14;;0;;0;0;37;;2;;;0;0;0;;19;6;;10;5;211;5;5;52;0;2;0;;0;0;;0;0;7;389;1;
29 Mar.;;0;0;1;0;4;;0;0;;0;;0;0;3;;0;;0;1;5;;0;;;0;0;0;;1;1;;2;1;49;1;2;9;0;1;0;;0;0;;0;0;1;82;0;
30 Mar.;;0;0;0;5;7;;0;0;;0;;0;0;8;;0;;0;0;13;;5;;;0;1;0;;15;1;;8;2;204;2;2;39;0;1;0;;0;0;;0;0;10;323;0;
31 Mar.;;0;0;0;0;7;;0;0;;0;;0;0;4;;0;;0;0;6;;2;;;0;0;0;;5;1;;3;1;90;0;1;14;0;0;0;;0;0;;0;0;4;138;0;
1  Abr.;;0;0;1;0;6;;0;0;;0;;1;0;4;;0;;0;0;3;;2;;;0;0;0;;3;0;;4;0;66;2;1;7;0;1;1;;0;0;;0;0;4;106;0;
2  Abr.;;0;0;2;0;30;;0;0;;0;;0;0;20;;0;;0;0;2;;0;;;0;0;0;;7;0;;7;0;122;7;2;16;0;1;0;;0;0;;0;0;10;226;0;
3  Abr.;;0;0;4;0;74;;0;0;;0;;0;0;52;;0;;0;0;13;;0;;;0;0;0;;10;0;;14;8;268;32;9;68;0;4;0;;0;0;;0;2;20;578;0;
4  Abr.;;0;0;2;0;58;;0;0;;0;;1;0;59;;0;;1;0;8;;0;;;0;0;0;;5;0;;11;11;310;9;4;19;0;2;3;;0;0;;0;0;15;518;0;
5  Abr.;;0;5;4;0;50;;5;0;;0;;0;0;38;;0;;1;0;18;;3;;;0;0;0;;8;0;;15;13;136;17;12;68;0;4;2;;0;0;;0;0;51;450;0;
6  Abr.;;0;0;3;0;40;;2;0;;0;;1;0;26;;0;;0;0;17;;0;;;0;1;0;;9;2;;22;8;29;7;14;34;0;1;6;;0;0;;1;0;31;254;0;
7  Abr.;;0;4;1;0;27;;1;0;;0;;0;0;6;;0;;1;0;7;;1;;;0;0;0;;6;0;;8;2;44;5;1;13;0;1;0;;0;0;;0;0;5;133;0;
8  Abr.;;0;0;0;0;31;;1;0;;0;;0;0;23;;1;;1;0;4;;0;;;0;0;0;;2;1;;4;5;22;5;1;29;0;1;1;;0;0;;1;0;9;142;0;
9  Abr.;;0;0;0;0;1;;0;0;;0;;0;0;2;;0;;0;0;0;;0;;;0;0;0;;0;0;;0;0;2;0;0;0;0;0;0;;0;0;;0;0;1;6;0;
10 Abri.;;0;0;0;0;0;;0;0;;0;;0;0;1;;0;;0;0;0;;0;;;0;0;0;;0;0;;1;0;1;0;0;1;0;0;0;;0;0;;0;0;0;4;0;
11 Abri.;;0;0;1;0;7;;1;0;;0;;0;0;1;;0;;0;0;0;;1;;;1;0;0;;5;0;;4;0;5;1;0;15;0;1;1;;1;0;;1;0;1;47;0;
12 Abri.;;0;0;4;0;20;;0;0;;0;;0;0;6;;0;;0;0;0;;1;;;1;0;0;;4;0;;1;0;3;10;3;34;0;8;0;;0;0;;2;0;4;101;0;
13 Abri.;;0;0;0;0;34;;0;0;;0;;0;0;13;;0;;0;0;1;;0;;;0;0;0;;5;0;;1;4;5;4;0;21;0;7;2;;0;0;;0;0;11;108;0;
14 Abri.;;0;0;0;0;4;;0;0;;0;;0;0;9;;0;;0;0;0;;0;;;0;0;0;;3;0;;1;0;4;3;0;13;0;2;0;;0;0;;0;0;13;52;0;
15 Abri.;;0;0;1;0;0;;0;0;;0;;0;0;0;;0;;0;0;0;;0;;;0;0;0;;0;0;;0;0;0;0;0;0;0;0;0;;0;0;;0;0;0;1;0;
16 Abri.;;0;0;0;0;0;;0;0;;0;;0;0;0;;0;;0;0;0;;0;;;0;0;0;;0;0;;1;0;0;0;0;1;0;0;0;;0;0;;0;0;0;2;0;
17 Abri.;;0;0;0;0;0;;0;0;;0;;0;0;0;;0;;0;0;0;;0;;;0;0;0;;0;0;;0;0;0;1;0;0;0;0;0;;0;0;;0;0;0;1;0;
18 Abri.;;0;0;0;0;1;;1;0;;0;;0;0;1;;0;;0;1;0;;0;;;0;0;0;;0;0;;2;0;0;0;0;1;0;1;1;;0;0;;0;0;0;9;0;
19 Abri.;;0;0;0;0;13;;1;0;;0;;0;0;3;;0;;0;0;1;;0;;;0;0;0;;7;0;;19;2;2;8;0;23;0;7;0;;1;0;;0;0;9;96;0;
20 Abri.;;0;0;0;0;10;;2;0;;0;;0;0;2;;0;;0;1;1;;0;;;0;0;0;;13;0;;10;4;1;12;0;127;0;4;1;;0;0;;0;0;4;192;0;
21 Abri.;;0;0;1;0;5;;1;0;;0;;0;0;3;;0;;0;0;0;;0;;;0;1;0;;8;1;;5;0;1;10;0;125;0;2;0;;0;0;;0;0;3;166;0;
22 Abri.;;1;0;0;0;1;;0;0;;0;;1;0;0;;0;;0;0;0;;0;;;0;0;0;;2;0;;2;1;2;2;0;11;0;2;2;;0;0;;0;0;1;28;0;
23 Abri.;;0;0;0;0;1;;0;0;;0;;0;0;1;;0;;0;0;0;;0;;;0;0;0;;2;0;;0;0;0;2;0;8;0;1;1;;0;0;;0;0;1;17;0;
24 Abri.;;0;0;0;0;0;;0;0;;0;;0;0;0;;0;;0;0;0;;0;;;0;0;0;;0;0;;0;0;1;1;0;2;0;1;0;;0;0;;0;0;1;6;0;
25 Abri.;;0;0;0;0;0;;0;0;;0;;0;0;0;;0;;0;0;0;;0;;;0;0;0;;1;0;;0;0;0;0;0;1;0;0;0;;0;0;;0;0;0;2;0;
26 Abri.;;0;0;0;0;3;;0;0;;0;;0;0;8;;0;;1;0;0;;0;;;7;0;0;;6;0;;4;3;2;7;0;21;0;1;0;;0;0;;0;1;6;70;0;
27 Abri.;;0;2;0;0;0;;0;0;;0;;0;0;0;;0;;0;0;0;;0;;;1;0;0;;4;0;;1;0;1;4;0;1;0;0;0;;0;0;;0;0;0;14;1;
28 Abri.;;0;0;0;0;0;;0;0;;0;;0;0;1;;0;;0;0;0;;0;;;1;0;0;;1;0;;0;0;1;2;0;1;0;0;0;;0;0;;0;0;4;11;0;
29 Abri.;;0;0;0;0;0;;1;0;;0;;0;0;1;;0;;0;0;1;;0;;;0;0;0;;1;0;;0;1;1;2;0;2;0;0;0;;0;0;;0;0;3;13;0;
30 Abri.;;0;0;0;0;5;;0;0;;0;;0;0;4;;0;;0;0;0;;2;;;0;0;0;;4;0;;5;0;1;6;0;0;0;3;1;;0;0;;0;0;8;39;0;
1  May.;;0;0;0;0;0;;0;0;;0;;0;0;0;;0;;0;0;0;;0;;;0;0;0;;0;0;;0;0;0;2;0;0;0;0;0;;0;0;;0;0;0;2;0;
2  May.;;0;0;0;0;1;;0;0;;0;;0;0;2;;0;;2;0;1;;0;;;0;0;0;;1;0;;1;0;1;2;0;7;0;0;1;;0;0;;0;0;2;21;0;
3  May.;;0;0;0;0;4;;0;0;;0;;0;0;1;;0;;0;0;1;;1;;;0;0;0;;6;0;;5;2;1;8;0;16;0;0;0;;0;0;;1;0;0;46;0;
4  May.;;1;0;1;0;1;;0;0;;0;;0;0;8;;0;;1;1;1;;1;;;0;1;0;;8;2;;2;2;2;16;0;37;0;5;1;;0;0;;0;0;5;96;0;
5  May.;;0;1;0;0;2;;0;0;;0;;0;0;9;;0;;0;0;2;;1;;;0;0;0;;2;1;;1;3;0;10;0;28;0;1;0;;0;0;;0;0;7;68;0;
6  May.;;0;0;0;0;0;;0;0;;0;;0;0;0;;0;;0;0;0;;0;;;0;0;0;;0;0;;0;0;0;0;0;1;0;0;0;;0;0;;0;0;0;1;0;
7  May.;;0;0;0;0;1;;0;0;;0;;0;0;1;;0;;0;0;0;;0;;;0;0;0;;1;0;;1;0;0;1;0;0;0;2;0;;0;0;;0;0;0;7;0;
8  May.;;1;0;1;0;0;;0;0;;0;;0;0;1;;0;;1;0;0;;0;;;0;0;0;;4;2;;4;0;0;17;0;8;0;5;0;;0;0;;0;1;1;46;2;
9  May.;;0;0;0;0;1;;1;0;;0;;0;0;4;;0;;0;0;0;;1;;;0;0;0;;2;2;;7;4;0;22;0;10;0;4;0;;0;0;;0;0;5;63;1;
10 May.;;0;0;0;0;1;;1;0;;0;;0;0;19;;0;;0;0;2;;1;;;1;0;0;;17;14;;31;4;0;37;0;161;0;4;0;;0;0;;0;0;28;321;4;
11 May.;;0;0;0;0;0;;0;0;;0;;0;0;2;;0;;1;0;0;;0;;;0;1;0;;11;4;;10;2;0;8;0;40;0;1;0;;1;0;;0;0;5;86;1;
12 May.;;0;0;0;0;0;;0;0;;0;;0;0;0;;0;;1;0;0;;0;;;0;0;0;;2;4;;1;0;0;2;0;8;0;1;0;;0;0;;0;0;2;21;0;
13 May.;;0;0;0;0;0;;0;0;;0;;0;0;0;;0;;0;0;0;;0;;;0;0;0;;1;0;;0;2;0;8;0;0;0;0;0;;0;0;;0;0;1;12;0;
14 May.;;0;0;0;0;0;;0;1;;0;;0;0;0;;0;;0;0;0;;0;;;0;0;0;;1;0;;2;0;0;1;0;4;0;1;1;;0;0;;0;0;4;15;0;
15 May.;;0;0;0;0;0;;0;0;;0;;0;0;0;;0;;0;0;0;;0;;;0;0;0;;1;0;;2;1;0;2;0;3;0;1;0;;0;0;;0;0;1;11;1;
16 May.;;0;0;0;0;0;;0;0;;0;;1;0;0;;0;;0;0;0;;0;;;0;0;0;;2;0;;0;2;0;2;0;5;0;0;0;;0;0;;0;0;1;13;0;
17 May.;;0;0;0;0;0;;0;0;;0;;0;0;1;;0;;0;0;0;;0;;;0;0;0;;0;0;;3;0;0;4;0;2;0;1;0;;0;0;;0;0;8;19;0;
18 May.;;0;0;0;0;1;;0;0;;0;;0;0;1;;0;;1;0;0;;0;;;0;0;0;;0;1;;8;0;0;5;0;5;0;1;0;;0;0;;0;0;0;23;0;
19 May.;;0;0;0;0;0;;0;2;;0;;0;0;0;;0;;4;0;0;;0;;;2;0;0;;14;4;;14;5;0;8;0;44;0;2;0;;0;0;;0;0;13;112;0;
20 May.;;0;0;0;0;0;;0;0;;0;;0;0;0;;0;;0;0;0;;0;;;0;0;0;;1;0;;1;1;0;5;0;3;0;0;0;;0;0;;0;0;3;14;0;
21 May.;;0;0;0;0;1;;0;0;;0;;0;0;0;;0;;0;0;0;;0;;;1;0;0;;0;0;;0;1;0;5;0;0;0;0;0;;0;0;;0;0;1;9;0;
22 May.;;0;0;0;0;0;;0;0;;0;;0;0;1;;0;;0;0;0;;0;;;0;0;0;;2;0;;2;0;0;0;0;3;0;0;0;;0;0;;0;0;5;13;0;
23 May.;;0;0;0;0;0;;0;0;;0;;0;0;3;;0;;0;0;0;;0;;;0;0;0;;0;0;;1;0;0;18;0;2;0;0;0;;0;0;;0;0;4;28;0;
24 May.;;0;0;0;0;0;;0;0;;0;;0;0;1;;1;;1;0;0;;0;;;0;0;0;;4;0;;12;1;0;38;0;14;0;0;1;;0;0;;0;0;9;82;1;
25 May.;;0;0;0;0;0;;0;0;;0;;0;0;2;;0;;8;0;0;;1;;;0;1;0;;19;8;;47;4;0;54;0;65;0;2;0;;0;0;;0;0;22;233;1;
26 May.;;0;0;0;0;1;;0;0;;0;;0;0;0;;0;;4;0;0;;0;;;5;0;0;;5;2;;6;2;0;3;0;18;0;1;0;;0;0;;0;0;1;48;0;
27 May.;;0;0;0;0;0;;0;0;;0;;0;0;0;;0;;0;0;0;;0;;;0;0;0;;0;0;;1;0;0;9;0;0;0;0;0;;0;0;;0;0;0;10;0;
28 May.;;0;0;0;0;0;;0;0;;0;;0;0;1;;2;;0;1;0;;0;;;0;0;0;;0;0;;2;0;0;37;0;3;0;0;0;;0;0;;0;0;0;46;0;
29 May.;;0;0;0;0;0;;0;0;;0;;0;0;0;;0;;0;0;0;;0;;;0;0;0;;0;0;;0;0;0;0;0;0;0;0;0;;0;0;;0;0;0;0;0;
30 May.;;0;0;0;0;0;;0;0;;0;;0;0;0;;0;;0;0;0;;0;;;0;0;0;;0;0;;0;0;0;0;0;0;0;0;0;;0;0;;0;0;0;0;0;
31 May.;;0;0;0;0;0;;0;0;;0;;0;0;0;;0;;0;0;0;;0;;;0;0;0;;0;0;;0;0;0;7;0;0;0;0;0;;0;0;;0;0;0;7;0;
1 Jun.;;0;0;0;0;0;;0;0;;0;;0;0;0;;0;;0;0;0;;0;;;0;0;0;;0;0;;0;0;0;14;0;0;0;0;0;;0;0;;0;0;2;16;0;
2 Jun.;;0;0;0;0;0;;0;0;;0;;0;0;0;;0;;0;0;0;;0;;;0;0;0;;0;0;;0;0;0;7;0;0;0;0;0;;0;0;;0;0;20;27;0;
3 Jun.;;0;0;0;0;0;;0;2;;0;;0;0;0;;1;;0;0;0;;0;;;0;0;0;;0;0;;4;0;0;10;0;2;0;0;0;;0;0;;0;0;18;37;0;
4 Jun.;;0;0;0;0;0;;0;7;;0;;0;0;3;;0;;4;0;0;;0;;;0;0;0;;0;1;;29;6;0;82;1;17;0;1;0;;0;0;;0;0;52;203;0;
5 Jun.;;0;0;0;0;0;;0;3;;0;;0;0;7;;0;;7;0;0;;0;;;0;0;0;;2;5;;74;7;0;49;0;46;0;0;0;;0;2;;0;0;11;213;0;
6 Jun.;;0;0;0;0;0;;1;0;;0;;0;0;0;;0;;2;0;0;;0;;;0;0;0;;0;2;;100;5;0;36;0;27;0;2;0;;2;0;;0;0;3;180;0;
7 Jun.;;0;0;0;0;0;;1;3;;0;;0;0;7;;1;;3;0;0;;0;;;0;0;0;;9;10;;91;4;0;30;0;28;0;3;0;;1;0;;0;0;40;231;1;
8 Jun.;;0;0;0;0;0;;0;1;;0;;0;0;1;;1;;0;0;0;;0;;;0;0;0;;4;1;;39;1;0;4;0;5;0;0;0;;1;0;;0;0;7;65;0;
9 Jun.;;0;0;0;0;0;;0;0;;0;;0;0;0;;0;;0;0;0;;0;;;0;0;0;;0;0;;1;1;0;9;0;0;0;0;0;;0;0;;0;0;15;26;0;
10 Jun.;;0;0;1;0;0;;0;0;;0;;0;0;2;;0;;0;0;0;;0;;;0;0;0;;8;2;;2;1;0;5;0;0;0;0;0;;0;0;;0;0;24;45;0;
11 Jun.;;0;0;0;0;0;;0;0;;0;;0;0;0;;0;;0;0;0;;0;;;0;0;0;;1;0;;1;0;0;1;0;0;0;0;0;;0;0;;0;0;10;13;1;
12 Jun.;;0;0;0;0;0;;0;2;;0;;1;0;0;;0;;0;0;0;;0;;;0;0;0;;2;0;;1;1;0;17;0;0;0;0;0;;0;0;;0;0;26;50;2;
13 Jun.;;0;0;0;0;1;;0;17;;0;;0;0;1;;0;;1;0;0;;0;;;0;0;0;;5;1;;40;5;0;46;0;8;0;2;0;;0;1;;0;1;69;198;2;
14 Jun.;;0;0;0;0;0;;1;9;;0;;1;0;0;;0;;4;0;0;;0;;;0;0;0;;6;3;;12;4;0;17;0;2;0;4;0;;0;0;;0;0;11;74;1;
15 Jun.;;0;0;0;0;0;;0;5;;0;;0;0;0;;0;;0;0;0;;0;;;0;0;0;;7;0;;3;1;0;4;0;0;0;1;0;;0;0;;0;1;4;26;0;
16 Jun.;;0;0;0;0;0;;0;15;;0;;0;0;1;;0;;0;1;0;;0;;;0;0;0;;5;1;;9;4;0;17;0;0;0;1;0;;0;0;;0;0;15;69;1;
17 Jun.;;0;0;1;0;0;;0;44;;0;;1;0;0;;0;;0;0;0;;0;;;0;0;0;;7;1;;8;11;0;49;0;15;0;2;0;;1;0;;0;0;25;165;6;
18 Jun.;;0;0;0;0;0;;0;3;;0;;0;0;0;;0;;1;0;0;;0;;;0;0;0;;2;1;;7;2;0;8;0;7;0;0;0;;0;0;;0;0;7;38;2;
19 Jun.;;0;0;0;0;0;;0;0;;0;;0;0;0;;0;;0;0;0;;0;;;0;0;0;;0;0;;0;3;0;4;0;0;0;0;0;;0;0;;0;0;1;8;0;
20 Jun.;;0;0;0;0;0;;0;0;;0;;0;0;0;;0;;0;0;0;;0;;;0;0;0;;0;0;;0;0;0;1;0;0;0;0;0;;0;0;;0;0;2;3;0;
21 Jun.;;0;0;0;0;0;;0;1;;0;;0;0;0;;0;;0;0;0;;0;;;0;0;0;;1;0;;1;1;0;2;0;0;0;0;0;;0;0;;0;0;13;19;0;
22 Jun.;;0;0;0;0;0;;0;0;;0;;0;0;0;;0;;0;0;0;;0;;;0;0;0;;1;0;;0;1;0;2;0;0;0;1;0;;0;0;;0;0;5;10;0;
23 Jun.;;0;0;0;0;0;;0;0;;0;;0;0;0;;0;;0;0;0;;0;;;0;0;0;;0;0;;0;0;0;1;0;0;0;0;0;;0;0;;0;0;1;2;0;
24 Jun.;;0;0;0;0;0;;0;28;;0;;0;0;0;;1;;0;0;0;;0;;;0;0;0;;2;0;;9;5;0;44;0;0;0;0;0;;0;0;;0;0;64;153;9;
25 Jun.;;0;0;0;0;0;;1;55;;0;;0;0;2;;3;;0;0;0;;0;;;1;1;0;;4;0;;9;3;0;49;0;0;0;1;0;;0;0;;0;0;51;180;32;
26 Jun.;;0;0;0;0;0;;0;28;;0;;0;0;4;;7;;0;0;0;;0;;;0;0;0;;7;0;;5;2;0;38;0;1;0;1;0;;0;0;;0;0;52;145;18;
27 Jun.;;0;0;0;0;0;;0;13;;0;;0;0;0;;0;;0;0;0;;0;;;0;0;0;;1;0;;1;0;0;7;0;0;0;0;0;;0;0;;0;0;15;37;13;
28 Jun.;;0;0;0;0;0;;0;12;;0;;0;0;0;;1;;1;0;0;;0;;;0;0;0;;1;0;;2;1;0;6;0;0;0;0;0;;0;0;;0;0;9;33;12;
29 Jun.;;0;0;0;0;0;;0;2;;0;;1;0;0;;1;;0;0;0;;0;;;0;0;0;;1;0;;0;1;0;1;0;0;0;0;0;;0;0;;0;0;0;7;5;
30 Jun.;;0;0;0;0;0;;0;8;;0;;0;0;0;;0;;0;0;0;;0;;;0;0;0;;0;0;;1;1;0;4;0;0;0;0;0;;0;0;;0;0;2;16;1;
1 Jul.;;0;0;0;0;0;;0;0;;0;;0;0;0;;0;;0;0;0;;0;;;0;0;0;;0;0;;0;1;0;0;0;0;0;0;0;;0;0;;0;0;1;2;0;
2 Jul.;;0;0;0;0;0;;0;1;;0;;0;0;1;;1;;0;0;0;;0;;;0;0;0;;1;0;;1;0;0;0;0;0;0;0;0;;0;0;;0;0;2;7;0;
3 Jul.;;0;0;0;0;0;;0;2;;0;;0;0;0;;0;;0;0;0;;0;;;0;0;0;;1;0;;1;2;0;4;0;0;0;0;0;;0;0;;0;0;7;17;1;
4 Jul.;;0;0;0;0;0;;0;5;;0;;0;0;0;;0;;0;0;0;;0;;;0;0;0;;1;0;;0;1;0;5;0;0;0;0;0;;0;0;;0;0;5;17;1;
5 Jul.;;0;0;0;0;0;;0;13;;0;;1;0;0;;1;;0;0;0;;0;;;0;0;0;;2;0;;0;1;0;4;0;0;0;0;0;;0;0;;0;0;2;24;1;
6 Jul.;;0;0;0;0;0;;0;1;;0;;0;0;0;;0;;0;0;0;;0;;;0;0;0;;0;0;;1;0;0;0;0;0;0;0;0;;0;0;;0;0;1;3;0;
7 Jul.;;0;0;0;0;0;;0;16;;0;;0;0;0;;1;;0;0;0;;0;;;0;0;0;;2;0;;0;2;0;11;0;0;0;0;0;;0;1;;0;0;7;40;2;
8 Jul.;;0;0;0;0;0;;0;25;;0;;0;0;1;;2;;1;0;0;;0;;;0;0;0;;13;0;;2;6;0;14;0;0;0;0;0;;0;0;;0;0;22;86;20;
9 Jul.;;0;0;0;0;0;;0;7;;0;;1;0;0;;1;;0;0;0;;0;;;0;0;0;;6;0;;1;5;0;20;0;0;0;0;0;;0;0;;0;0;4;45;13;
10 Jul.;;0;0;0;0;0;;0;8;;0;;0;0;1;;1;;0;0;0;;0;;;0;0;0;;2;0;;1;4;0;10;0;0;0;0;0;;0;0;;0;0;15;42;7;
11 Jul.;;0;0;0;0;0;;0;5;;0;;0;0;0;;0;;0;0;0;;0;;;0;0;0;;1;0;;1;1;0;10;0;1;0;0;0;;0;0;;0;0;2;21;4;
12 Jul.;;0;0;0;0;0;;0;2;;0;;0;0;0;;0;;0;0;0;;0;;;0;0;0;;0;0;;0;0;0;1;0;0;0;0;0;;0;0;;0;0;1;4;0;
13 Jul.;;0;0;0;0;0;;1;20;;0;;0;0;0;;2;;0;0;0;;0;;;0;0;0;;4;0;;1;2;0;11;0;0;0;0;0;;0;0;;0;0;16;57;1;
14 Jul.;;0;0;0;0;0;;0;12;;0;;0;0;1;;5;;0;0;0;;0;;;0;0;0;;7;0;;1;5;0;11;0;0;0;1;0;;0;0;;0;0;23;66;19;
15 Jul.;;0;0;0;0;0;;0;6;;0;;0;0;0;;0;;0;0;0;;0;;;0;0;0;;2;1;;0;1;0;7;0;0;0;0;0;;0;0;;0;0;2;19;0;
16 Jul.;;0;0;0;0;0;;0;2;;0;;0;0;0;;0;;0;0;0;;0;;;0;0;0;;0;0;;0;1;0;4;0;0;0;0;0;;0;1;;0;0;7;15;0;
17 Jul.;;0;0;0;0;0;;0;11;;0;;0;0;0;;0;;0;1;0;;0;;;4;0;0;;6;0;;0;8;0;18;0;0;0;1;0;;0;0;;0;0;10;59;8;
18 Jul.;;0;0;0;0;0;;0;5;;0;;1;0;1;;2;;0;0;0;;0;;;0;0;0;;10;0;;0;2;0;16;0;0;0;0;0;;0;0;;0;0;31;68;26;
19 Jul.;;0;0;0;0;0;;0;10;;0;;1;0;0;;0;;0;0;0;;0;;;0;0;0;;8;0;;1;4;0;9;0;0;0;0;0;;0;0;;0;0;13;46;14;
20 Jul.;;0;0;0;0;0;;1;10;;0;;0;0;0;;1;;1;0;0;;0;;;0;0;0;;8;0;;1;1;0;9;0;0;0;1;0;;0;0;;0;0;22;55;14;
21 Jul.;;0;0;0;0;0;;0;1;;0;;0;0;0;;0;;0;0;0;;0;;;0;0;0;;2;0;;0;0;0;2;0;0;0;0;0;;0;0;;0;0;2;7;0;
22 Jul.;;0;0;0;0;0;;0;1;;0;;0;0;1;;0;;0;0;0;;0;;;0;0;0;;1;0;;0;0;0;6;0;0;0;0;0;;0;0;;0;0;3;12;0;
23 Jul.;;0;0;0;0;0;;1;2;;0;;0;0;0;;0;;0;0;0;;0;;;0;0;0;;1;0;;0;5;0;2;0;0;0;0;0;;0;0;;0;0;6;17;0;
24 Jul.;;0;0;0;0;0;;0;1;;0;;0;0;1;;0;;0;0;0;;0;;;1;0;0;;0;0;;0;1;1;1;0;0;0;0;0;;0;0;;0;1;14;21;1;
25 Jul.;;0;0;0;0;0;;0;7;;0;;1;0;0;;0;;0;0;0;;0;;;0;0;0;;1;0;;0;1;0;2;0;0;0;0;0;;0;0;;0;0;14;26;4;
26 Jul.;;0;0;0;0;0;;2;2;;0;;0;0;1;;5;;0;0;0;;0;;;1;0;0;;4;0;;0;5;0;3;0;0;0;0;0;;0;0;;0;0;50;73;10;
27 Jul.;;0;0;0;0;0;;1;1;;0;;0;0;0;;4;;0;0;0;;0;;;0;0;0;;1;0;;0;0;0;2;0;0;0;0;0;;0;0;;0;0;4;13;1;
28 Jul.;;0;0;0;0;0;;1;0;;0;;0;0;2;;2;;3;0;0;;0;;;0;0;0;;6;0;;0;11;0;6;0;0;0;0;0;;0;0;;0;0;41;72;8;
29 Jul.;;0;0;0;0;0;;0;0;;0;;0;0;1;;1;;0;0;0;;0;;;0;0;0;;0;0;;1;1;0;2;0;0;0;0;0;;0;0;;0;0;0;6;0;
30 Jul.;;0;0;0;0;0;;1;7;;0;;1;0;1;;3;;1;0;0;;0;;;1;1;0;;4;0;;1;10;0;6;0;0;0;0;0;;0;0;;0;1;35;73;4;
31 Jul.;;0;0;0;0;0;;0;5;;0;;0;0;0;;1;;0;0;0;;0;;;1;0;0;;0;0;;1;2;0;1;0;0;0;0;0;;0;0;;0;0;10;21;1;
1  Ago.;;0;0;0;0;0;;0;1;;0;;0;0;0;;0;;0;0;0;;0;;;0;0;0;;1;0;;0;0;0;1;0;0;0;0;0;;0;0;;0;0;2;5;10;
2  Ago.;;0;0;0;0;0;;0;1;;0;;0;0;1;;0;;0;0;0;;0;;;1;0;0;;0;0;;0;1;0;0;0;0;0;0;0;;0;0;;0;0;2;6;0;
3  Ago.;;0;0;0;0;0;;0;1;;0;;0;0;1;;0;;0;1;0;;0;;;0;0;0;;1;0;;0;1;0;1;0;0;0;1;0;;0;0;;0;0;2;9;0;
4  Ago.;;0;0;0;0;0;;0;1;;0;;0;0;3;;0;;0;0;0;;0;;;0;0;0;;2;0;;0;4;0;4;0;0;0;0;0;;0;0;;0;0;6;20;1;
5  Ago.;;0;0;0;0;0;;0;0;;0;;0;0;0;;1;;0;0;0;;0;;;0;0;0;;1;0;;0;1;0;2;0;0;0;0;0;;0;0;;0;0;8;13;4;
6  Ago.;;0;0;0;0;0;;0;1;;0;;0;0;0;;0;;0;0;0;;0;;;0;0;0;;1;0;;0;1;0;1;0;0;0;1;0;;0;0;;0;0;2;7;1;
7  Ago.;;0;0;0;0;0;;0;1;;0;;1;0;1;;2;;0;0;0;;0;;;2;0;0;;1;0;;0;0;0;1;0;0;0;1;0;;0;0;;0;0;4;14;2;
8  Ago.;;0;0;0;0;0;;0;1;;0;;0;0;0;;1;;0;0;0;;0;;;2;0;0;;1;0;;0;1;0;4;0;0;0;0;0;;0;0;;0;0;7;17;5;
9  Ago.;;0;0;0;0;0;;0;1;;0;;0;0;0;;1;;0;0;0;;0;;;0;0;0;;0;0;;0;0;0;1;0;0;0;0;0;;0;0;;0;0;0;3;2;
10 Ago.;;0;0;0;1;0;;0;0;;0;;0;0;3;;2;;1;0;0;;0;;;0;0;0;;0;0;;0;4;1;4;0;0;0;0;0;;0;0;;0;0;5;21;2;
11 Ago.;;0;0;0;0;0;;0;1;;0;;0;0;2;;1;;1;0;0;;0;;;0;0;0;;1;0;;0;1;0;2;0;0;0;0;0;;0;0;;0;0;9;18;6;
12 Ago.;;0;0;0;1;0;;0;0;;0;;0;0;0;;3;;0;0;0;;0;;;1;0;0;;0;0;;0;2;0;3;0;0;0;0;0;;0;0;;0;0;3;13;2;
13 Ago.;;0;0;0;0;0;;0;0;;0;;0;0;0;;1;;0;0;0;;0;;;0;0;0;;2;0;;0;0;0;1;0;0;0;0;0;;0;0;;0;0;0;4;2;
14 Ago.;;0;0;0;0;0;;0;0;;0;;0;0;0;;0;;0;0;0;;0;;;0;0;0;;1;0;;0;1;0;0;0;0;0;0;0;;0;0;;0;0;1;3;0;
15 Ago.;;0;0;0;0;0;;0;0;;1;;0;0;0;;0;;0;0;0;;0;;;1;0;0;;1;0;;0;1;0;1;0;0;0;0;0;;0;0;;0;0;1;6;3;
16 Ago.;;0;0;0;1;0;;0;3;;0;;0;0;0;;1;;0;0;0;;0;;;1;0;0;;2;0;;0;2;0;1;0;0;0;0;0;;0;0;;0;0;15;26;12;
17 Ago.;;0;0;0;0;0;;0;0;;0;;0;0;2;;0;;0;0;0;;0;;;0;0;0;;1;0;;0;1;0;0;0;0;0;0;0;;0;0;;0;0;2;6;1;
18 Ago.;;0;0;0;0;0;;0;0;;0;;0;0;20;;1;;0;0;0;;0;;;0;0;0;;0;0;;0;1;0;1;0;0;0;0;0;;0;0;;0;0;5;28;2;
19 Ago.;;0;0;0;0;0;;0;3;;0;;0;0;2;;1;;1;0;0;;0;;;0;0;0;;3;0;;0;1;0;1;0;0;0;0;0;;0;0;;0;0;12;24;10;
20 Ago.;;0;0;0;0;0;;0;0;;0;;0;0;1;;1;;0;0;0;;0;;;0;0;0;;2;0;;0;0;0;0;0;0;0;0;0;;0;0;;0;0;3;7;1;
21 Ago.;;0;0;0;0;0;;0;1;;0;;0;0;0;;0;;1;0;0;;0;;;1;0;0;;0;0;;0;0;0;2;0;0;0;0;0;;0;0;;0;0;4;9;2;
22 Ago.;;0;0;0;0;0;;0;1;;0;;1;0;0;;0;;0;0;0;;0;;;0;0;0;;0;0;;0;0;0;0;0;0;0;0;0;;0;0;;0;0;4;6;3;
23 Ago.;;0;0;0;0;0;;0;2;;0;;4;0;3;;0;;0;0;0;;0;;;0;0;0;;1;0;;0;2;0;2;0;0;0;0;0;;0;0;;0;0;10;24;0;
24 Ago.;;0;0;0;0;0;;0;0;;0;;0;0;0;;2;;0;0;0;;0;;;0;0;0;;1;0;;0;0;0;1;0;0;0;0;0;;0;0;;0;0;5;9;1;
25 Ago.;;0;0;0;1;0;;0;0;;0;;0;0;0;;1;;0;0;0;;0;;;0;0;0;;3;0;;1;0;0;0;0;0;0;0;0;;0;0;;0;0;2;8;6;
26 Ago.;;0;0;0;0;0;;0;1;;0;;7;0;0;;0;;0;0;0;;0;;;0;0;0;;2;0;;0;2;0;3;0;0;0;0;0;;0;0;;0;0;5;20;4;
27 Ago.;;0;0;0;0;0;;0;0;;0;;0;0;1;;1;;0;0;0;;0;;;0;0;0;;0;0;;0;1;0;0;0;0;0;0;0;;0;0;;0;0;4;7;2;
28 Ago.;;0;0;0;0;0;;0;0;;0;;1;0;0;;4;;0;0;0;;0;;;0;0;0;;1;0;;0;1;0;0;0;0;0;0;0;;0;0;;0;0;1;8;4;
29 Ago.;;0;0;0;0;0;;0;0;;0;;1;0;1;;0;;0;0;0;;0;;;0;0;0;;1;0;;0;3;0;0;0;0;0;0;0;;0;0;;0;0;6;12;1;
30 Ago.;;0;0;0;0;0;;0;1;;0;;0;0;0;;0;;0;0;0;;0;;;0;0;0;;1;0;;0;0;0;0;0;0;0;0;0;;0;0;;0;0;3;5;0;
31 Ago.;;0;0;0;0;0;;0;2;;0;;1;0;0;;1;;0;0;0;;0;;;0;0;0;;2;0;;0;1;0;0;0;0;0;0;0;;0;0;;0;0;2;9;1;
1   Sep.;;0;0;0;0;0;;0;0;;0;;0;0;0;;1;;0;0;0;;0;;;0;0;0;;1;0;;0;0;0;0;0;0;0;0;0;;0;0;;0;0;2;4;1;
2   Sep.;;0;0;0;0;0;;0;0;;0;;0;0;0;;0;;0;0;0;;0;;;0;0;0;;1;0;;0;0;0;1;0;0;0;0;0;;0;0;;0;0;1;3;0;
3   Sep.;;0;0;0;0;0;;0;0;;0;;0;0;0;;0;;0;0;0;;0;;;0;0;0;;0;0;;0;0;0;0;0;0;0;0;0;;0;0;;0;0;0;0;0;
4   Sep.;;0;0;0;0;0;;0;0;;0;;0;0;0;;0;;0;0;0;;0;;;0;0;0;;0;0;;0;0;0;0;0;0;0;0;0;;0;0;;0;0;0;0;0;
5   Sep.;;0;0;0;0;0;;0;0;;0;;0;0;0;;0;;0;0;0;;0;;;0;0;0;;0;0;;0;0;0;0;0;0;0;0;0;;0;0;;0;0;0;0;0;
6   Sep.;;0;0;0;0;0;;0;0;;0;;0;0;0;;0;;0;0;0;;0;;;0;0;0;;0;0;;0;3;0;1;0;0;0;0;0;;0;0;;0;0;2;6;1;
7   Sep.;;0;0;0;0;0;;0;0;;0;;0;0;1;;1;;1;0;0;;0;;;0;0;0;;1;0;;0;4;0;1;0;0;0;0;0;;0;0;;0;0;1;10;0;
8   Sep.;;0;0;0;0;0;;0;0;;0;;0;0;1;;1;;0;0;0;;0;;;0;0;0;;0;0;;0;2;0;1;0;0;0;0;0;;0;0;;0;0;1;6;0;
9   Sep.;;0;0;0;0;0;;0;0;;0;;0;0;0;;0;;0;0;0;;0;;;0;0;0;;0;0;;0;0;0;0;0;0;0;0;0;;0;0;;0;0;0;0;0;
10 Sep.;;0;0;0;0;0;;0;0;;0;;0;0;0;;0;;0;0;0;;0;;;0;0;0;;0;0;;0;0;0;0;0;0;0;0;0;;0;0;;0;0;0;0;0;
11 Sep.;;0;0;0;0;0;;0;0;;0;;0;0;0;;0;;0;0;0;;0;;;0;0;0;;0;0;;0;0;0;0;0;0;0;0;0;;0;0;;0;0;0;0;0;
12 Sep.;;0;0;0;0;0;;0;0;;0;;0;0;0;;0;;0;0;0;;0;;;0;0;0;;0;0;;0;0;0;0;0;0;0;0;0;;0;0;;0;0;0;0;0;
13 Sep.;;0;0;0;1;0;;0;0;;0;;0;0;1;;0;;0;0;0;;0;;;0;0;0;;0;0;;0;1;0;5;0;0;0;0;0;;0;0;;0;0;1;9;1;
14 Sep.;;0;0;0;0;0;;0;0;;0;;0;0;1;;0;;0;0;0;;0;;;0;1;0;;0;0;;0;0;0;3;0;0;0;0;0;;0;0;;0;0;1;6;4;
15 Sep.;;0;0;0;0;0;;0;0;;0;;0;0;0;;0;;0;0;0;;0;;;0;0;0;;0;0;;0;0;0;1;0;0;0;0;0;;0;0;;0;0;0;1;2;
16 Sep.;;0;0;0;0;0;;0;0;;0;;1;0;1;;1;;0;0;0;;0;;;0;0;0;;1;0;;0;1;0;5;0;0;0;0;0;;0;0;;0;0;1;11;2;
17 Sep.;;0;0;0;1;0;;0;0;;0;;3;0;1;;0;;0;0;0;;0;;;0;0;0;;1;0;;0;2;0;12;0;0;0;0;0;;0;0;;0;0;2;22;5;
18 Sep.;;0;0;0;0;0;;0;0;;0;;10;0;1;;3;;0;0;0;;0;;;0;0;0;;0;0;;0;0;0;0;0;0;0;0;0;;0;0;;0;0;2;16;11;
19 Sep.;;0;0;0;0;0;;0;1;;0;;2;0;3;;0;;0;0;0;;0;;;0;0;0;;4;0;;0;2;0;8;0;0;0;0;0;;0;0;;0;0;7;27;8;
20 Sep.;;0;0;0;0;0;;0;0;;1;;1;0;1;;4;;0;0;0;;0;;;0;0;0;;1;0;;0;1;0;2;0;0;0;1;0;;0;0;;0;1;4;17;2;
21 Sep.;;0;0;0;0;0;;0;0;;0;;0;0;1;;0;;0;0;0;;0;;;0;0;0;;0;0;;0;1;0;0;0;0;0;0;0;;0;0;;0;0;4;6;1;
22 Sep.;;0;0;0;0;0;;0;0;;0;;0;0;0;;0;;0;0;0;;0;;;0;0;0;;1;0;;0;0;0;0;0;0;0;0;0;;0;0;;0;0;1;2;0;
23 Sep.;;0;0;0;0;0;;0;1;;0;;0;0;0;;0;;0;0;0;;0;;;0;0;0;;0;0;;0;1;0;0;0;0;0;0;0;;0;0;;0;0;0;2;1;
24 Sep.;;0;0;0;0;0;;0;0;;1;;0;0;1;;0;;0;0;0;;0;;;0;0;0;;3;0;;0;1;0;1;0;0;0;0;0;;0;0;;0;0;4;11;2;
25 Sep.;;0;0;0;0;0;;0;1;;4;;0;0;2;;2;;0;0;0;;0;;;0;1;0;;7;0;;0;1;0;1;0;0;0;0;0;;0;0;;0;0;8;27;14;
26 Sep.;;0;0;0;0;0;;0;0;;0;;0;0;0;;0;;0;0;0;;0;;;0;0;0;;1;0;;0;1;0;0;0;0;0;0;0;;0;0;;0;0;1;3;0;
27 Sep.;;0;0;0;0;0;;0;0;;0;;0;0;0;;0;;0;0;0;;0;;;0;0;0;;2;0;;0;0;0;0;0;0;0;0;0;;0;0;;0;0;1;3;0;
28 Sep.;;0;0;0;0;0;;0;0;;0;;0;0;0;;0;;0;0;0;;0;;;0;0;0;;0;0;;0;0;0;1;0;0;0;0;0;;0;0;;0;0;1;2;0;
29 Sep.;;0;0;0;0;0;;0;0;;4;;0;0;1;;0;;0;0;0;;0;;;0;0;0;;6;0;;0;0;0;1;0;0;0;0;0;;0;0;;0;0;6;18;2;
30 Sep.;;0;0;0;0;0;;0;0;;0;;0;0;0;;0;;0;0;0;;0;;;0;0;0;;0;0;;0;0;0;0;0;0;0;0;0;;0;0;;0;0;0;0;0;
1   Oct.;;0;0;0;0;0;;0;0;;0;;0;0;0;;0;;0;0;0;;0;;;0;0;0;;1;0;;1;0;0;0;0;0;0;0;0;;0;0;;0;0;1;3;0;
2   Oct.;;0;0;0;0;0;;0;0;;0;;0;0;0;;0;;0;0;0;;0;;;0;0;0;;0;0;;0;1;0;0;0;0;0;0;0;;0;0;;0;0;1;2;0;
3   Oct.;;0;0;0;0;0;;0;0;;0;;0;0;0;;0;;0;0;0;;0;;;0;0;0;;1;0;;0;0;0;1;0;0;0;0;0;;0;0;;0;0;1;3;0;
4   Oct.;;0;0;0;0;0;;0;0;;0;;0;0;3;;0;;0;0;0;;0;;;0;0;0;;1;0;;0;0;0;1;0;0;0;0;0;;0;0;;0;0;2;7;0;
5   Oct.;;0;0;0;0;0;;0;0;;0;;0;0;5;;0;;0;0;0;;0;;;0;0;0;;4;0;;2;1;0;0;0;0;0;0;0;;0;0;;0;0;4;16;6;
6   Oct.;;0;0;0;0;0;;0;0;;0;;0;0;5;;0;;0;1;0;;0;;;0;1;0;;2;0;;0;2;0;0;0;0;0;0;0;;0;0;;0;0;2;13;0;
07-10-24;;;;;;;;;;;;;;Datos no disponibles;;;;;;;;;;;;;;;;;;;;;;;;;;;;;;;;;;;;;
08-10-24;;;;;;;;;;;;;;;;;;;;;;;;;;;;;;;;;;;;;;;;;;;;;;;;;;;
09-10-24;;;;;;;;;;;;;;;;;;;;;;;;;;;;;;;;;;;;;;;;;;;;;;;;;;;
10-10-24;;;;;;;;;;;;;;;;;;;;;;;;;;;;;;;;;;;;;;;;;;;;;;;;;;;
11-10-24;;;;;;;;;;;;;;;;;;;;;;;;;;;;;;;;;;;;;;;;;;;;;;;;;;;
12-10-24;;;;;;;;;;;;;;;;;;;;;;;;;;;;;;;;;;;;;;;;;;;;;;;;;;;
13-10-24;;;;;;;;;;;;;;;;;;;;;;;;;;;;;;;;;;;;;;;;;;;;;;;;;;;
14 Oct.;;0;0;0;0;0;;0;0;;0;;0;0;68;;1;;1;0;0;;0;;;0;0;0;;0;0;;1;0;0;0;0;0;0;0;0;;0;0;;0;0;8;79;9;
15 Oct.;;0;0;0;0;0;;0;1;;1;;0;0;56;;0;;0;0;0;;0;;;0;0;0;;1;0;;0;0;0;0;0;0;0;0;0;;0;0;;0;0;4;63;3;
16 Oct.;;0;0;0;0;0;;0;5;;0;;1;0;25;;0;;0;0;0;;0;;;0;0;0;;4;0;;0;0;0;0;0;0;0;0;0;;0;0;;0;0;1;36;1;
17 Oct.;;0;0;0;0;0;;0;0;;1;;0;0;0;;0;;0;0;0;;0;;;0;0;0;;0;0;;0;0;0;0;0;0;0;0;0;;0;0;;0;0;0;1;0;
18 Oct.;;0;0;0;0;0;;0;0;;0;;0;0;0;;0;;0;0;0;;0;;;0;0;0;;1;0;;0;0;0;0;0;0;0;0;0;;0;0;;0;0;0;1;0;
19 Oct.;;0;0;0;0;0;;0;0;;0;;0;0;4;;0;;0;0;0;;0;;;0;0;0;;3;0;;0;0;0;1;0;0;0;0;0;;0;0;;0;0;1;9;1;
20 Oct.;;0;0;0;0;0;;0;0;;1;;0;0;24;;0;;0;0;0;;0;;;0;0;0;;2;0;;0;0;0;1;0;0;0;0;0;;0;0;;0;0;5;33;1;
21 Oct.;;0;1;0;1;0;;0;0;;1;;0;0;115;;0;;0;0;0;;0;;;0;0;0;;1;0;;0;1;0;1;0;0;0;0;0;;0;0;;0;0;2;123;1;
22 Oct.;;0;0;0;0;0;;0;0;;0;;0;0;0;;0;;0;0;0;;0;;;0;0;0;;0;0;;0;0;0;0;0;0;0;0;0;;0;0;;0;0;1;1;1;
23 Oct.;;0;0;0;1;0;;0;0;;0;;0;0;5;;0;;0;0;0;;0;;;0;0;0;;1;0;;0;0;0;2;0;0;0;0;0;;0;0;;0;0;0;9;7;
24 Oct.;;0;0;0;1;0;;0;0;;1;;0;0;53;;0;;0;0;0;;0;;;0;0;0;;0;0;;0;1;0;2;0;0;0;0;0;;0;0;;0;0;2;60;7;
25 Oct.;;0;0;0;0;0;;0;0;;0;;0;0;0;;0;;0;0;0;;0;;;0;0;0;;0;0;;0;0;0;0;0;0;0;0;0;;0;0;;0;0;0;0;0;
26 Oct.;;0;0;0;0;0;;0;0;;0;;0;0;0;;0;;0;0;0;;0;;;0;0;0;;0;0;;0;0;0;0;0;0;0;0;0;;0;0;;0;0;0;0;0;
27 Oct.;;0;0;0;0;0;;0;0;;0;;0;0;0;;0;;0;0;0;;0;;;0;0;0;;0;0;;0;0;0;0;0;0;0;0;0;;0;0;;0;0;0;0;0;
28 Oct.;;0;0;0;0;0;;0;0;;0;;0;0;4;;0;;0;0;0;;0;;;0;1;0;;1;0;;0;0;0;0;0;0;0;0;0;;0;0;;0;0;1;7;2;
29 Oct.;;0;0;0;0;0;;0;0;;0;;0;0;2;;0;;0;0;0;;0;;;0;0;0;;0;0;;0;0;0;0;0;0;0;0;0;;0;0;;0;0;1;3;4;
30 Oct.;;0;0;0;0;0;;0;0;;0;;0;0;11;;0;;0;0;0;;0;;;0;0;0;;2;0;;0;0;0;0;0;0;0;0;0;;0;0;;0;0;4;17;3;
31 Oct.;;0;0;0;0;0;;0;0;;1;;0;0;17;;1;;0;0;0;;0;;;0;0;0;;4;0;;0;0;0;1;0;0;0;0;0;;0;0;;0;0;4;28;2;
1   Nov.;;0;0;0;2;0;;0;0;;0;;0;0;124;;0;;0;0;0;;0;;;0;1;0;;4;0;;0;0;0;0;0;0;0;0;0;;0;0;;0;0;4;135;3;
2   Nov.;;0;0;0;1;0;;0;0;;0;;0;0;27;;0;;0;0;0;;0;;;0;0;0;;1;0;;0;0;0;0;0;0;0;0;0;;0;0;;0;0;6;35;3;
3   Nov.;;0;0;0;0;0;;0;0;;0;;0;0;79;;1;;0;0;0;;0;;;0;0;0;;3;0;;0;0;0;0;0;0;0;0;0;;0;0;;0;0;1;84;5;
4   Nov.;;0;0;0;1;0;;1;1;;0;;0;0;58;;0;;0;0;0;;0;;;0;0;0;;6;0;;0;0;0;0;0;0;0;0;0;;0;0;;0;0;4;71;19;
5   Nov.;;0;0;0;0;0;;0;0;;0;;0;0;19;;0;;0;1;0;;0;;;0;0;0;;4;0;;0;0;0;0;0;0;0;0;0;;0;0;;0;0;2;26;3;
6   Nov.;;0;0;0;0;0;;0;0;;0;;0;0;8;;1;;0;0;0;;0;;;0;0;0;;1;0;;0;0;0;0;0;0;0;0;0;;0;0;;0;0;5;15;9;
7   Nov.;;0;0;1;1;0;;0;0;;1;;0;0;19;;0;;0;0;0;;0;;;0;0;0;;4;0;;0;1;0;0;0;0;0;0;0;;0;0;;0;0;5;32;12;
8   Nov.;;0;0;0;1;0;;0;0;;0;;0;0;48;;1;;0;0;0;;0;;;0;0;0;;7;0;;0;0;0;1;0;0;0;0;0;;0;0;;0;0;5;63;21;
9   Nov.;;0;0;0;0;0;;0;0;;0;;0;0;0;;0;;0;0;0;;0;;;0;0;0;;2;0;;0;0;0;0;0;0;0;0;0;;0;0;;0;0;0;2;0;
10 Nov.;;0;0;0;0;0;;0;0;;0;;0;0;0;;0;;0;0;0;;0;;;0;0;0;;2;0;;0;0;0;0;0;0;0;0;0;;0;0;;0;0;1;3;0;
11 Nov.;;0;0;0;0;0;;0;0;;0;;0;0;0;;0;;0;0;0;;0;;;0;0;0;;2;0;;0;0;0;0;0;0;0;0;0;;0;0;;0;0;0;2;4;
12 Nov.;;0;0;0;0;0;;0;0;;0;;0;0;0;;0;;0;0;0;;0;;;0;0;0;;1;0;;0;0;0;0;0;0;0;0;0;;0;0;;0;0;1;2;2;
13 Nov.;;0;0;0;0;0;;0;0;;0;;0;0;2;;0;;0;0;0;;0;;;0;0;0;;2;0;;0;0;0;0;0;0;0;0;0;;0;0;;0;0;0;4;1;
14 Nov.;;0;0;0;0;0;;0;0;;0;;0;0;3;;0;;0;0;0;;0;;;0;0;0;;0;0;;0;0;0;0;0;0;0;0;0;;0;0;;0;0;0;3;2;
15 Nov.;;0;0;0;0;0;;0;0;;0;;0;0;4;;0;;0;0;0;;0;;;0;0;0;;0;0;;0;0;0;0;0;0;0;0;0;;0;0;;0;0;0;4;1;
16 Nov.;;0;0;0;0;0;;0;0;;0;;0;0;8;;0;;0;0;0;;0;;;0;0;0;;0;0;;0;0;0;1;0;0;0;0;0;;0;0;;0;0;0;9;3;
17 Nov.;;0;0;0;0;0;;0;0;;0;;0;0;2;;0;;0;0;0;;0;;;0;0;0;;0;0;;0;0;0;1;0;0;0;0;0;;0;0;;0;0;0;3;0;
18 Nov.;;0;0;0;0;0;;0;0;;0;;0;0;0;;0;;0;0;0;;0;;;0;0;0;;1;0;;0;1;0;0;0;0;0;0;0;;0;0;;0;0;0;2;1;
19 Nov.;;0;0;0;0;0;;0;0;;0;;0;0;0;;0;;0;1;0;;0;;;0;0;0;;0;1;;0;0;0;1;0;0;0;0;0;;0;0;;0;0;1;4;0;
20 Nov.;;0;0;0;0;0;;0;0;;0;;0;0;1;;0;;0;0;0;;0;;;0;0;0;;0;0;;0;0;0;0;0;0;0;1;0;;0;0;;0;0;1;3;1;
21 Nov.;;0;0;0;0;0;;0;0;;0;;0;0;5;;0;;0;0;0;;0;;;0;0;0;;0;0;;0;1;0;2;0;0;0;0;0;;0;0;;0;0;3;11;4;
22 Nov.;;0;0;0;0;0;;0;0;;0;;0;0;1;;0;;0;0;0;;0;;;0;0;0;;0;0;;0;0;0;0;0;0;0;0;0;;0;0;;0;0;1;2;0;
23 Nov.;;0;0;1;0;0;;0;0;;0;;0;0;2;;0;;1;0;0;;0;;;0;0;0;;8;0;;0;0;0;0;0;0;0;0;0;;0;0;;0;0;6;18;4;
24 Nov.;;0;0;1;1;0;;0;0;;0;;0;0;22;;0;;0;0;0;;0;;;0;0;0;;5;0;;0;0;0;1;0;0;0;0;0;;0;0;;0;1;3;34;25;
25 Nov.;;0;0;0;0;0;;0;0;;0;;0;0;1;;0;;0;0;0;;0;;;0;0;0;;0;0;;0;0;0;0;0;0;0;0;0;;0;0;;0;0;0;1;1;
26 Nov.;;0;0;0;0;0;;0;0;;0;;0;0;0;;0;;0;0;0;;0;;;0;0;0;;0;0;;0;0;0;0;0;0;0;0;0;;0;0;;0;0;1;1;0;
27 Nov.;;0;0;0;0;0;;0;0;;0;;0;0;0;;0;;0;0;0;;0;;;0;0;0;;2;0;;0;0;0;0;0;0;0;0;0;;0;0;;0;0;5;7;1;
28 Nov.;;0;0;0;0;0;;0;0;;0;;0;1;1;;0;;0;2;0;;0;;;0;0;0;;2;0;;1;0;0;1;0;0;0;0;0;;0;0;;0;0;2;10;2;
29 Nov.;;0;0;0;0;0;;0;0;;0;;0;0;1;;0;;0;0;0;;0;;;0;0;0;;3;0;;0;0;0;0;0;0;0;0;0;;0;0;;0;0;2;6;2;
30 Nov.;;0;0;0;0;0;;0;0;;0;;0;0;0;;0;;0;0;0;;0;;;0;0;0;;1;0;;0;0;0;0;0;0;0;0;0;;0;0;;0;0;4;5;2;
1   Dic.;;0;0;0;0;0;;0;0;;0;;0;0;1;;0;;0;0;0;;0;;;0;0;0;;0;0;;0;0;0;1;0;0;0;0;0;;0;0;;0;0;1;3;3;
2   Dic.;;0;0;0;0;0;;0;0;;0;;0;0;1;;0;;0;0;0;;0;;;0;0;0;;0;0;;0;0;0;0;0;0;0;0;0;;0;0;;0;0;0;1;1;
3   Dic.;;0;0;0;0;0;;0;0;;0;;0;0;0;;0;;0;0;0;;0;;;0;0;0;;0;0;;0;0;0;0;0;0;0;0;0;;0;0;;0;0;1;1;0;
4   Dic.;;0;0;0;0;0;;0;0;;0;;0;1;1;;0;;0;0;0;;0;;;0;0;0;;1;0;;0;0;0;0;0;0;0;0;0;;0;0;;0;0;1;4;0;
5   Dic.;;0;0;0;0;0;;0;0;;0;;0;0;0;;0;;0;0;0;;0;;;0;0;0;;1;0;;1;0;0;0;0;0;0;0;0;;0;0;;0;0;2;4;0;
6   Dic.;;0;0;0;0;0;;0;0;;0;;0;0;0;;1;;0;0;0;;0;;;0;0;0;;0;0;;0;0;0;0;0;0;0;0;0;;0;0;;0;0;0;1;0;
7   Dic.;;0;0;0;0;0;;0;0;;0;;0;0;0;;0;;0;0;0;;0;;;0;0;0;;1;0;;0;0;0;0;0;0;0;0;0;;0;0;;0;0;0;1;0;
8   Dic.;;0;0;0;0;0;;0;0;;0;;0;0;0;;0;;0;0;0;;0;;;0;0;0;;0;0;;0;0;0;0;0;0;0;0;0;;0;0;;0;0;0;0;0;
9   Dic.;;0;0;0;0;0;;0;0;;0;;0;0;0;;0;;0;0;0;;0;;;0;0;0;;0;0;;0;0;0;0;0;0;0;0;0;;0;0;;0;0;0;0;0;
10 Dic.;;0;0;0;0;0;;0;0;;0;;0;0;0;;0;;0;0;0;;0;;;0;0;0;;0;0;;0;0;0;0;0;0;0;0;0;;0;0;;0;0;0;0;0;
11 Dic.;;0;0;0;0;0;;0;0;;0;;0;0;1;;1;;0;0;0;;0;;;0;0;0;;1;0;;0;0;0;1;0;0;0;0;0;;0;0;;0;0;2;6;1;
12 Dic.;;0;0;0;0;0;;0;0;;0;;0;0;1;;0;;0;0;0;;0;;;0;0;0;;0;0;;0;0;0;0;0;0;0;0;0;;0;0;;0;0;0;1;0;
13 Dic.;;0;0;1;0;0;;0;0;;0;;0;0;0;;0;;0;0;0;;0;;;0;0;0;;1;0;;0;0;0;0;0;0;0;0;0;;0;0;;0;0;1;3;1;
14 Dic.;;0;0;0;0;0;;0;0;;0;;0;0;0;;0;;0;0;0;;0;;;0;0;0;;0;0;;0;0;0;0;0;0;0;0;0;;0;0;;0;0;0;0;0;
15 Dic.;;0;0;0;0;0;;0;0;;0;;0;0;0;;0;;0;0;0;;0;;;0;0;0;;0;0;;0;0;0;0;0;0;0;0;0;;0;0;;0;0;0;0;0;
16-12-24;;;;;;;;;;;;;;;;;;;;;;;;;;;;;;;;;;;;;;;;;;;;;;;;;;;
17-12-24;;;;;;;;;;;;;;;;;;;;;;;;;;;;;;;;;;;;;;;;;;;;;;;;;;;
18-12-24;;;;;;;;;;;;;;;;;;;;;;;;;;;;;;;;;;;;;;;;;;;;;;;;;;;
19-12-24;;;;;;;;;;;;;;;;;;;;;;;;;;;;;;;;;;;;;;;;;;;;;;;;;;;
20-12-24;;;;;;;;;;;;;;;;;;;;;;;;;;;;;;;;;;;;;;;;;;;;;;;;;;;
21-12-24;;;;;;;;;;;;;;;;;;;;;;;;;;;;;;;;;;;;;;;;;;;;;;;;;;;
22-12-24;;;;;;;;;;;;;;;;;;;;;;;;;;;;;;;;;;;;;;;;;;;;;;;;;;;
23-12-24;;;;;;;;;;;;;;;;;;;;;;;;;;;;;;;;;;;;;;;;;;;;;;;;;;;
24-12-24;;;;;;;;;;;;;;;;;;;;;;;;;;;;;;;;;;;;;;;;;;;;;;;;;;;
25-12-24;;;;;;;;;;;;;;;;;;;;;;;;;;;;;;;;;;;;;;;;;;;;;;;;;;;
26-12-24;;;;;;;;;;;;;;;;;;;;;;;;;;;;;;;;;;;;;;;;;;;;;;;;;;;
27-12-24;;;;;;;;;;;;;;;;;;;;;;;;;;;;;;;;;;;;;;;;;;;;;;;;;;;
28-12-24;;;;;;;;;;;;;;;;;;;;;;;;;;;;;;;;;;;;;;;;;;;;;;;;;;;
29-12-24;;;;;;;;;;;;;;;;;;;;;;;;;;;;;;;;;;;;;;;;;;;;;;;;;;;
30-12-24;;;;;;;;;;;;;;;;;;;;;;;;;;;;;;;;;;;;;;;;;;;;;;;;;;;
31-12-24;;
;
;
;
