VITORIA-GASTEIZ;
2023;;Acer;Aesculus;Alnus;Artemisia;Betula;Buxus;Carex;Castanea;Casuarina;Cedrus;Cistaceae;Compositae (otras);Corylus;Cupress/Taxaceae;Cyperus;Chenopo/Amarant;Equium;Ericaceae;Eucalyptus;Fraxinus;Gleditsia;Juglans;Juncaceae;Labiateae;Ligustrum;Mercurialis;Mimosa;Morus;No identificados;Olea;Palmaceae;Pinus;Plantago;Platanus;Poaceae;Populus;Quercus;Rosacea;Rumex;Salix;Sophora;Taraxacum;Tilia;Typha;Ulmus;Umbelliferae;Urticaceae;TOTAL;Alternaria;
1   Ene.;;0;0;0;0;0;;0;0;;0;;0;0;6;;0;;0;0;2;;0;;;0;0;0;;1;0;;0;0;0;0;0;0;0;0;0;;0;0;;0;0;1;10;1;
2   Ene.;;0;0;0;0;0;;0;0;;0;;0;0;5;;0;;0;0;0;;0;;;0;0;0;;0;0;;0;0;0;0;0;0;0;0;0;;0;0;;0;0;0;5;0;
3   Ene.;;0;0;0;0;0;;0;0;;0;;0;0;4;;0;;0;0;1;;0;;;0;0;0;;0;0;;0;0;0;0;0;0;0;0;0;;0;0;;0;0;0;5;1;
4   Ene.;;0;0;0;0;0;;0;0;;0;;0;0;1;;0;;0;0;1;;0;;;0;0;0;;0;0;;0;0;0;0;0;0;0;0;0;;0;0;;0;0;1;3;0;
5   Ene.;;0;0;0;0;0;;0;0;;0;;0;1;0;;0;;0;0;1;;0;;;0;0;0;;0;0;;1;0;0;0;0;0;0;0;0;;0;0;;0;0;0;3;2;
6   Ene.;;0;0;1;0;0;;0;0;;0;;0;4;11;;0;;0;0;1;;0;;;0;0;0;;1;0;;1;0;0;0;0;0;0;0;0;;0;0;;0;0;0;19;0;
7   Ene.;;0;0;0;0;0;;0;0;;0;;0;2;1;;0;;0;0;2;;0;;;0;0;0;;0;0;;0;0;0;0;0;0;0;0;0;;0;0;;0;0;0;5;0;
8   Ene.;;0;0;0;0;0;;0;0;;0;;0;0;0;;0;;0;0;0;;0;;;0;0;0;;0;0;;0;0;0;0;0;0;0;0;0;;0;0;;0;0;0;0;0;
9   Ene.;;0;0;1;0;0;;0;0;;0;;0;9;5;;0;;0;0;9;;0;;;0;0;0;;1;0;;0;0;0;1;0;1;0;0;0;;0;0;;0;0;0;27;1;
10 Ene.;;0;0;1;0;0;;0;0;;0;;0;4;6;;0;;0;0;3;;0;;;0;0;0;;1;0;;1;0;0;0;0;0;0;0;0;;0;0;;0;0;0;16;0;
11 Ene.;;0;0;0;0;0;;0;0;;0;;0;0;11;;0;;0;0;2;;0;;;0;0;0;;1;0;;0;0;0;0;0;0;0;0;0;;0;0;;0;0;0;14;0;
12 Ene.;;0;0;1;0;0;;0;0;;0;;0;2;13;;0;;0;0;9;;0;;;0;0;0;;0;0;;0;0;0;0;0;0;0;0;0;;0;0;;0;0;1;26;0;
13 Ene.;;0;0;0;0;0;;0;0;;0;;0;1;3;;0;;0;0;3;;0;;;0;0;0;;0;0;;0;0;0;0;0;0;0;0;0;;0;0;;0;0;0;7;1;
14 Ene.;;0;0;4;0;0;;0;0;;0;;0;9;45;;0;;0;0;2;;0;;;0;0;0;;1;0;;0;0;0;0;0;0;0;0;0;;0;0;;0;0;0;61;1;
15 Ene.;;0;0;3;0;0;;0;0;;0;;0;3;16;;0;;0;0;1;;0;;;0;0;0;;1;0;;1;0;0;0;0;0;0;0;0;;0;0;;0;0;0;25;1;
16 Ene.;;0;0;0;0;0;;0;0;;0;;0;1;1;;0;;0;0;0;;0;;;0;0;0;;1;0;;1;0;0;0;0;0;0;0;0;;0;0;;0;0;0;4;1;
17 Ene.;;0;0;0;0;0;;0;0;;0;;0;0;1;;0;;0;0;2;;0;;;0;0;0;;0;0;;0;0;0;0;0;0;0;0;0;;0;0;;0;0;0;3;0;
18 Ene.;;0;0;0;0;0;;0;0;;0;;0;0;0;;0;;0;0;0;;0;;;0;0;0;;0;0;;0;0;0;0;0;0;0;0;0;;0;0;;0;0;0;0;1;
19 Ene.;;0;0;0;0;0;;0;0;;0;;0;2;1;;0;;0;1;1;;0;;;0;0;0;;0;0;;0;0;0;0;0;0;0;0;0;;0;0;;0;0;0;5;0;
20 Ene.;;0;0;1;0;0;;0;0;;0;;0;1;0;;0;;0;0;0;;0;;;0;0;0;;1;0;;0;0;0;0;0;0;0;0;0;;0;0;;0;0;1;4;1;
21 Ene.;;0;0;0;0;0;;0;0;;0;;0;2;0;;0;;0;0;0;;0;;;0;0;0;;1;0;;1;0;0;0;0;0;0;0;0;;0;0;;0;0;0;4;0;
22 Ene.;;0;0;2;0;0;;0;0;;0;;0;3;0;;0;;0;0;0;;0;;;0;0;0;;0;0;;0;0;0;0;0;0;0;0;0;;0;0;;0;0;0;5;2;
23 Ene.;;0;0;0;0;0;;0;0;;0;;0;0;1;;0;;0;0;1;;0;;;0;0;0;;1;0;;0;0;0;0;0;0;0;0;0;;0;0;;0;0;0;3;0;
24 Ene.;;0;0;0;0;0;;0;0;;0;;0;0;1;;0;;0;0;0;;0;;;0;0;0;;0;0;;0;0;0;0;0;0;0;0;0;;0;0;;0;0;0;1;0;
25 Ene.;;0;0;0;0;0;;0;0;;0;;0;0;0;;0;;0;0;0;;0;;;0;0;0;;0;0;;0;0;0;0;0;0;0;0;0;;0;0;;0;0;0;0;1;
26 Ene.;;0;0;0;0;0;;0;0;;0;;0;1;0;;0;;0;0;0;;0;;;0;0;0;;0;0;;0;0;0;0;0;0;0;0;0;;0;0;;0;0;0;1;0;
27 Ene.;;0;0;0;0;0;;0;0;;0;;0;0;0;;0;;0;0;0;;0;;;0;0;0;;0;0;;0;0;0;0;0;0;0;0;0;;0;0;;0;0;0;0;0;
28 Ene.;;0;0;0;0;0;;0;0;;0;;0;0;0;;0;;0;0;0;;0;;;0;0;0;;0;0;;0;0;0;0;0;0;0;0;0;;0;0;;0;0;0;0;0;
29 Ene.;;0;0;0;0;0;;0;0;;0;;0;0;0;;0;;0;0;0;;0;;;0;0;0;;0;0;;0;0;0;0;0;0;0;0;0;;0;0;;0;0;0;0;0;
30 Ene.;;0;0;0;0;0;;0;0;;0;;0;0;0;;0;;0;0;0;;0;;;0;0;0;;3;0;;0;0;0;0;0;0;0;0;0;;0;0;;0;0;0;3;0;
31 Ene.;;0;0;0;0;0;;0;0;;0;;0;0;0;;0;;0;0;0;;0;;;0;0;0;;1;0;;1;0;0;0;0;0;0;0;0;;0;0;;0;0;0;2;0;
1    Feb.;;0;0;8;0;0;;0;0;;0;;0;4;1;;0;;0;0;0;;0;;;0;0;0;;0;0;;0;0;0;0;0;0;0;0;0;;0;0;;1;0;0;14;0;
2   Feb.;;0;0;14;0;0;;0;0;;0;;0;7;1;;0;;0;0;1;;0;;;0;0;0;;1;0;;2;0;0;1;0;0;0;0;0;;0;0;;0;0;0;27;1;
3   Feb.;;0;0;7;0;0;;0;0;;0;;0;8;1;;0;;0;0;0;;0;;;0;0;0;;0;0;;1;0;0;1;0;0;0;0;0;;0;0;;0;0;0;18;1;
4   Feb.;;0;0;0;0;0;;0;0;;0;;0;8;3;;0;;0;0;0;;0;;;0;0;0;;1;0;;2;0;0;0;0;0;0;0;0;;0;0;;0;0;0;14;0;
5   Feb.;;0;0;1;0;0;;0;0;;0;;0;4;3;;0;;0;0;0;;0;;;0;0;0;;0;0;;0;0;0;0;1;0;0;0;0;;0;0;;0;0;0;9;1;
6   Feb.;;0;0;11;0;0;;0;0;;0;;0;16;1;;0;;0;0;1;;0;;;0;0;0;;1;0;;1;0;0;1;0;0;0;0;0;;0;0;;0;0;0;32;1;
7   Feb.;;0;0;1;0;0;;0;0;;0;;0;1;1;;0;;0;0;0;;0;;;0;0;0;;1;0;;0;0;0;0;0;0;0;0;0;;0;0;;0;0;0;4;0;
8   Feb.;;0;0;4;0;0;;0;0;;0;;0;3;3;;0;;0;0;0;;0;;;0;0;0;;1;0;;3;0;0;1;0;0;0;0;0;;0;0;;0;0;0;15;1;
9   Feb.;;0;0;7;0;0;;0;0;;0;;0;5;4;;0;;0;0;1;;0;;;0;0;0;;0;0;;15;0;0;0;1;0;0;0;0;;0;0;;1;0;0;34;1;
10 Feb.;;0;0;0;0;0;;0;0;;0;;0;3;1;;0;;0;0;0;;0;;;0;0;0;;1;0;;0;0;0;0;0;0;0;0;0;;0;0;;0;0;0;5;0;
11 Feb.;;0;0;0;0;0;;0;0;;0;;0;10;8;;0;;0;0;3;;0;;;0;0;0;;0;0;;0;0;0;0;0;0;0;0;0;;1;0;;2;0;0;24;1;
12 Feb.;;0;0;0;0;0;;0;0;;0;;0;5;5;;0;;0;0;1;;0;;;0;0;0;;2;0;;0;0;0;0;0;0;0;0;0;;0;0;;0;0;0;13;0;
13 Feb.;;0;0;0;0;0;;0;0;;0;;0;16;63;;0;;0;0;1;;0;;;0;0;0;;3;0;;1;0;0;0;1;0;0;0;0;;0;0;;0;0;1;86;0;
14 Feb.;;0;0;0;0;0;;0;0;;0;;0;14;45;;0;;0;0;1;;0;;;0;0;0;;1;0;;1;0;0;0;1;0;0;0;0;;0;0;;1;0;1;65;1;
15 Feb.;;0;0;2;0;0;;0;0;;0;;0;7;10;;0;;0;0;1;;0;;;0;0;0;;1;0;;1;0;0;0;0;1;0;0;0;;0;0;;0;0;1;24;2;
16 Feb.;;0;0;53;0;0;;0;0;;0;;0;47;47;;0;;0;0;4;;0;;;0;0;0;;0;0;;53;0;0;0;0;0;0;0;0;;0;0;;2;0;1;207;1;
17 Feb.;;0;0;19;0;0;;0;0;;0;;0;44;42;;0;;0;0;0;;0;;;0;0;0;;1;0;;3;0;0;1;0;0;0;0;0;;0;0;;3;0;0;113;2;
18 Feb.;;0;0;11;0;0;;0;0;;0;;0;33;72;;0;;0;0;5;;0;;;0;0;0;;1;0;;3;0;0;1;1;0;0;0;0;;0;0;;5;0;0;132;1;
19 Feb.;;0;0;97;0;0;;0;0;;0;;0;58;39;;0;;0;0;1;;0;;;0;1;0;;0;0;;11;0;1;0;1;0;0;0;0;;0;0;;4;0;0;213;1;
20 Feb.;;0;0;25;0;0;;0;0;;0;;0;75;129;;0;;0;0;5;;0;;;0;0;0;;1;0;;1;0;0;1;1;0;0;0;0;;0;0;;7;0;0;245;0;
21 Feb.;;0;0;183;0;0;;0;0;;0;;0;181;161;;1;;0;0;9;;0;;;0;0;0;;4;0;;28;0;0;1;1;0;0;0;1;;1;0;;11;0;1;583;1;
22 Feb.;;0;0;11;0;0;;0;0;;0;;0;4;11;;0;;0;0;1;;0;;;0;0;0;;1;0;;3;0;0;0;0;0;0;0;0;;0;0;;2;0;0;33;0;
23 Feb.;;0;0;0;0;0;;0;0;;0;;0;0;1;;0;;0;0;0;;0;;;0;0;0;;0;0;;0;0;0;0;0;0;0;0;0;;0;0;;0;0;0;1;1;
24 Feb.;;0;0;1;0;0;;0;0;;0;;0;5;14;;0;;0;0;1;;0;;;0;0;0;;1;0;;1;0;0;1;2;0;0;0;0;;0;0;;1;0;0;27;0;
25 Feb.;;0;0;50;0;0;;0;0;;0;;0;9;13;;0;;0;0;3;;0;;;0;0;0;;0;0;;8;0;0;0;0;0;0;0;0;;0;0;;1;0;0;84;0;
26 Feb.;;0;0;79;0;0;;0;0;;0;;0;18;49;;0;;0;0;3;;0;;;0;0;0;;1;0;;51;0;0;0;12;0;0;0;0;;0;0;;3;0;0;216;1;
27 Feb.;;0;0;32;0;0;;0;0;;0;;0;11;11;;1;;0;0;6;;0;;;0;0;0;;1;0;;13;0;0;0;1;1;0;0;0;;0;0;;1;0;0;78;1;
28 Feb.;;0;0;12;0;0;;0;0;;0;;0;5;2;;0;;0;0;3;;0;;;0;0;0;;0;0;;5;0;0;0;6;0;0;0;0;;0;0;;2;0;0;35;0;
1 Mar.;;0;0;18;0;0;;0;0;;0;;0;2;2;;0;;0;0;2;;0;;;0;0;0;;1;0;;7;0;0;0;1;0;0;0;0;;0;0;;1;0;0;34;1;
2 Mar.;;0;0;17;0;0;;0;0;;0;;0;5;1;;0;;0;1;2;;0;;;0;0;0;;0;0;;3;0;0;0;1;0;0;0;1;;0;0;;1;0;0;32;1;
3 Mar.;;0;0;1;0;0;;0;0;;0;;0;0;0;;0;;0;0;0;;0;;;0;0;0;;0;0;;2;0;0;0;0;0;0;0;0;;0;0;;0;0;0;3;0;
4 Mar.;;0;0;140;0;0;;0;0;;0;;0;11;16;;0;;0;0;1;;0;;;0;0;0;;0;0;;22;0;0;0;2;0;0;0;1;;0;0;;1;0;1;195;1;
5 Mar.;;0;0;292;0;0;;0;0;;0;;0;26;20;;0;;0;0;7;;0;;;0;0;0;;1;0;;24;0;0;0;1;1;0;0;3;;0;0;;1;0;0;376;1;
6 Mar.;;0;0;20;0;0;;0;0;;0;;0;10;22;;1;;0;0;3;;0;;;0;0;0;;1;0;;4;0;0;0;2;0;0;0;1;;0;0;;2;0;0;66;0;
7 Mar.;;0;0;18;0;0;;0;0;;0;;0;15;84;;0;;0;0;3;;0;;;0;1;0;;1;0;;7;0;0;2;1;1;0;0;3;;0;0;;5;0;3;144;0;
8 Mar.;;0;0;9;0;0;;0;0;;0;;0;5;144;;0;;0;0;5;;0;;;0;0;0;;1;0;;3;0;0;1;1;0;0;0;0;;0;0;;10;0;1;180;0;
9 Mar.;;0;0;5;0;0;;0;0;;0;;0;3;78;;0;;0;0;5;;0;;;0;0;0;;2;0;;0;0;0;0;2;0;0;0;0;;0;0;;7;0;0;102;0;
10 Mar.;;0;0;7;0;0;;1;0;;0;;0;14;281;;0;;0;0;11;;0;;;0;0;0;;0;0;;2;0;0;3;6;0;0;0;1;;0;0;;7;0;3;336;1;
11 Mar.;;0;0;54;0;0;;0;0;;0;;0;25;169;;0;;0;1;29;;0;;;0;0;0;;1;0;;17;0;0;1;14;1;0;0;0;;0;0;;14;0;1;327;1;
12 Mar.;;0;0;5;0;0;;0;0;;0;;0;3;13;;0;;0;0;20;;0;;;0;0;0;;1;0;;1;0;0;3;34;0;0;0;1;;0;0;;6;0;1;88;3;
13 Mar.;;0;0;9;0;0;;0;0;;0;;0;5;381;;0;;1;0;36;;0;;;0;1;0;;5;0;;6;0;0;1;43;1;0;0;5;;0;0;;8;0;1;503;1;
14 Mar.;;0;0;3;0;0;;0;0;;0;;0;3;47;;0;;0;1;15;;0;;;0;0;0;;3;0;;3;0;0;0;16;0;0;0;2;;0;0;;3;0;1;97;1;
15 Mar.;;0;0;2;0;0;;0;0;;0;;0;2;98;;0;;0;2;28;;0;;;0;0;0;;2;0;;3;0;0;0;63;1;0;0;3;;0;0;;10;0;5;219;0;
16 Mar.;;0;0;4;0;0;;1;0;;0;;0;6;390;;0;;0;0;63;;0;;;0;0;0;;5;0;;3;0;0;1;703;8;0;0;18;;0;0;;6;0;16;1.224;5;
17 Mar.;;0;0;5;0;0;;0;0;;0;;0;2;209;;0;;1;1;23;;0;;;0;0;0;;2;0;;3;1;1;2;125;11;0;1;14;;0;0;;5;0;2;408;2;
18 Mar.;;0;0;0;0;0;;0;0;;0;;0;0;30;;0;;0;0;7;;0;;;0;0;0;;1;0;;1;0;0;0;9;0;0;0;0;;0;0;;0;0;0;48;0;
19 Mar.;;0;0;0;0;0;;0;0;;0;;0;0;2;;0;;0;0;22;;1;;;0;0;0;;1;0;;1;0;1;0;6;0;0;0;5;;0;0;;1;0;0;40;0;
20 Mar.;;0;0;10;0;0;;1;0;;0;;0;3;51;;0;;0;0;101;;0;;;0;0;0;;4;0;;10;0;10;0;25;3;0;0;11;;0;0;;1;0;0;230;0;
21 Mar.;;2;0;19;0;0;;1;0;;0;;0;2;936;;0;;1;1;157;;0;;;0;0;0;;6;0;;29;0;7;2;20;7;0;0;15;;0;0;;3;0;7;1.215;0;
22 Mar.;;3;0;0;0;0;;1;0;;0;;0;3;127;;0;;0;0;88;;0;;;0;0;0;;2;0;;16;0;2;4;267;3;0;0;14;;0;0;;1;0;5;536;1;
23 Mar.;;18;0;1;0;2;;1;0;;0;;1;1;88;;0;;0;0;56;;0;;;0;0;0;;3;0;;8;1;6;5;367;4;0;0;9;;0;0;;1;0;14;586;4;
24 Mar.;;2;0;1;0;1;;1;0;;0;;0;0;292;;0;;0;0;41;;0;;;0;0;0;;1;0;;6;1;12;1;36;6;0;0;9;;0;0;;0;0;3;413;0;
25 Mar.;;6;0;1;0;2;;1;0;;0;;0;1;66;;0;;2;0;24;;0;;;0;0;0;;6;0;;6;0;13;2;151;5;1;0;9;;0;0;;0;0;14;310;0;
26 Mar.;;1;0;3;0;1;;0;0;;0;;0;2;75;;0;;0;1;24;;0;;;0;0;0;;5;0;;5;0;9;0;15;4;0;1;11;;0;0;;1;0;2;160;0;
27 Mar.;;0;0;1;0;0;;0;0;;0;;0;0;10;;0;;0;0;10;;0;;;0;1;0;;2;0;;1;0;34;1;15;10;0;1;3;;0;0;;0;0;1;90;1;
28 Mar.;;4;0;1;0;6;;1;0;;0;;0;0;28;;1;;0;0;30;;0;;;0;0;0;;25;0;;3;1;95;2;130;2;0;1;11;;1;0;;1;0;4;347;1;
29 Mar.;;8;0;0;0;32;;0;0;;0;;0;1;73;;0;;1;0;25;;0;;;0;1;0;;106;0;;7;1;1.148;6;152;18;0;0;10;;0;0;;0;0;12;1.601;3;
30 Mar.;;9;0;2;0;18;;0;0;;0;;1;1;36;;0;;1;0;5;;0;;;0;0;0;;111;1;;14;1;1.474;6;92;9;0;1;7;;0;0;;0;0;14;1.803;3;
31 Mar.;;3;0;1;0;9;;1;0;;0;;0;0;123;;0;;0;4;10;;0;;;0;1;0;;12;0;;16;3;493;0;12;11;0;1;2;;0;0;;0;0;2;704;0;
1  Abr.;;1;0;1;0;6;;0;0;;0;;0;0;5;;0;;0;1;17;;0;;;0;0;0;;5;0;;1;0;517;1;7;3;0;0;1;;0;0;;1;0;0;567;0;
2  Abr.;;0;0;0;0;1;;0;0;;0;;1;1;2;;0;;0;0;0;;0;;;0;0;0;;0;0;;1;0;71;0;1;1;0;0;1;;0;0;;0;0;0;80;0;
3  Abr.;;1;0;0;0;4;;1;0;;0;;0;1;3;;0;;0;0;3;;0;;;0;0;0;;7;0;;5;1;325;3;5;34;0;5;0;;0;0;;0;0;1;399;1;
4  Abr.;;1;0;0;0;11;;0;0;;0;;0;0;20;;0;;0;0;4;;0;;;0;0;0;;8;0;;16;1;300;1;3;46;0;1;2;;0;0;;1;0;0;415;1;
5  Abr.;;2;0;0;0;20;;2;0;;0;;0;0;9;;0;;1;0;4;;0;;;0;1;0;;11;1;;3;1;402;3;4;31;0;1;1;;0;0;;1;0;1;499;0;
6  Abr.;;0;0;0;0;24;;0;0;;0;;0;0;45;;0;;0;1;7;;1;;;0;0;0;;3;0;;5;2;470;3;2;55;0;2;1;;0;0;;0;0;0;621;1;
7  Abr.;;2;0;0;0;45;;1;0;;0;;0;0;49;;1;;0;0;14;;1;;;0;1;0;;37;0;;3;1;340;3;3;42;0;0;2;;0;0;;0;0;1;546;1;
8  Abr.;;2;0;1;0;123;;0;0;;0;;0;0;57;;0;;1;0;5;;0;;;0;0;0;;20;0;;5;3;577;2;1;85;0;3;1;;1;0;;0;0;4;891;2;
9  Abr.;;3;0;0;0;139;;2;0;;0;;1;0;116;;0;;1;0;16;;1;;;0;0;0;;35;1;;14;3;383;3;2;109;0;1;4;;0;0;;1;0;15;850;2;
10 Abri.;;0;0;0;0;91;;1;0;;0;;1;0;31;;1;;1;1;3;;1;;;0;0;0;;14;0;;2;5;232;3;3;56;0;1;2;;0;0;;0;0;9;458;0;
11 Abri.;;3;1;1;0;63;;1;0;;0;;2;0;124;;0;;3;0;13;;1;;;0;1;0;;42;0;;22;5;274;1;3;65;0;2;1;;0;0;;1;0;1;630;1;
12 Abri.;;0;0;0;0;12;;0;0;;0;;0;0;66;;0;;1;0;5;;0;;;0;0;0;;12;0;;1;1;59;1;1;17;0;0;0;;0;0;;0;0;0;176;0;
13 Abri.;;1;0;1;0;5;;0;0;;0;;0;0;11;;0;;1;1;3;;0;;;0;0;0;;11;0;;1;0;62;0;1;11;0;0;0;;0;0;;0;0;0;109;0;
14 Abri.;;3;0;0;0;21;;0;0;;0;;0;0;11;;0;;2;1;23;;0;;;0;0;0;;15;0;;11;0;112;1;1;30;0;1;3;;0;0;;0;0;0;235;0;
15 Abri.;;0;0;0;0;9;;0;0;;0;;0;0;5;;0;;0;0;0;;0;;;0;0;0;;3;0;;3;1;23;1;0;11;0;0;0;;0;0;;0;0;0;56;0;
16 Abri.;;0;3;0;0;28;;0;0;;0;;0;0;3;;0;;0;0;3;;0;;;0;0;0;;7;0;;16;0;38;3;0;43;0;1;3;;0;0;;1;0;0;149;1;
17 Abri.;;1;3;0;0;51;;1;0;;0;;0;0;32;;0;;0;0;4;;1;;;0;0;0;;5;0;;58;2;61;3;0;136;0;7;1;;0;0;;0;0;1;367;1;
18 Abri.;;0;3;0;0;48;;1;0;;0;;0;0;51;;0;;0;0;3;;5;;;0;0;0;;9;0;;25;5;37;7;1;140;0;3;4;;0;0;;2;0;0;344;2;
19 Abri.;;2;1;2;0;58;;1;0;;0;;0;0;171;;3;;4;0;8;;1;;;0;0;0;;18;1;;10;3;33;5;0;111;0;1;3;;0;0;;0;0;4;440;3;
20 Abri.;;1;1;1;0;62;;0;0;;0;;0;0;51;;0;;9;0;3;;0;;;0;0;0;;12;0;;3;2;55;9;0;73;0;2;1;;0;0;;0;0;1;286;0;
21 Abri.;;2;1;0;0;49;;0;0;;0;;1;0;90;;0;;3;0;3;;1;;;0;0;0;;18;18;;27;9;99;12;0;163;0;1;15;;0;0;;0;0;7;519;1;
22 Abri.;;1;1;0;0;11;;1;0;;0;;0;0;45;;0;;5;0;5;;1;;;0;0;0;;3;1;;5;2;24;1;0;36;0;1;0;;0;0;;0;0;1;144;0;
23 Abri.;;1;2;0;0;2;;0;0;;0;;0;0;9;;0;;0;0;2;;0;;;0;0;0;;2;0;;5;0;22;0;0;28;0;1;1;;0;0;;0;0;2;77;2;
24 Abri.;;3;4;0;0;5;;0;0;;0;;0;0;7;;0;;0;0;5;;1;;;0;0;0;;3;0;;1;1;20;1;0;29;0;1;1;;0;0;;0;0;1;83;5;
25 Abri.;;0;1;1;0;8;;0;0;;0;;0;0;47;;0;;0;0;1;;3;;;0;0;0;;2;0;;1;5;22;4;0;38;0;3;1;;0;0;;0;0;4;141;5;
26 Abri.;;0;5;0;0;24;;1;0;;0;;1;0;80;;0;;1;0;2;;5;;;0;0;0;;7;0;;5;5;12;4;0;74;0;1;7;;0;0;;0;0;3;237;8;
27 Abri.;;1;0;0;0;29;;1;0;;0;;0;0;165;;0;;3;3;2;;7;;;0;0;0;;11;16;;21;3;32;14;0;270;0;1;3;;0;0;;0;0;4;586;10;
28 Abri.;;1;5;1;0;16;;0;0;;0;;1;0;150;;0;;5;0;1;;3;;;0;1;0;;5;79;;32;3;20;6;0;324;0;1;1;;1;0;;0;0;7;663;22;
29 Abri.;;0;2;0;0;18;;0;0;;0;;0;0;12;;0;;5;0;1;;0;;;0;0;0;;3;7;;5;3;3;4;0;42;0;1;0;;0;0;;1;0;2;109;4;
30 Abri.;;0;11;0;0;2;;0;0;;0;;0;0;1;;0;;0;0;0;;1;;;0;0;0;;1;0;;2;1;6;1;0;13;0;0;1;;0;0;;0;0;3;43;5;
1  May.;;0;1;0;0;1;;0;0;;0;;0;0;1;;0;;0;0;1;;1;;;0;1;0;;1;1;;2;1;3;1;0;7;0;1;0;;0;0;;0;0;0;23;1;
2  May.;;0;2;0;0;11;;0;0;;0;;1;0;16;;0;;3;0;0;;3;;;0;0;0;;10;0;;6;5;14;16;0;73;0;6;3;;0;0;;0;0;5;174;5;
3  May.;;0;8;0;0;8;;2;0;;0;;1;0;68;;2;;7;0;1;;5;;;0;0;0;;28;99;;32;4;30;20;0;348;0;1;13;;1;0;;0;0;5;683;19;
4  May.;;4;16;0;0;3;;1;0;;0;;0;0;28;;1;;3;0;0;;1;;;0;0;0;;12;29;;36;3;38;27;0;236;0;5;0;;0;0;;0;0;5;448;14;
5  May.;;2;2;0;0;2;;1;0;;0;;1;0;16;;0;;3;0;0;;1;;;0;0;0;;8;14;;22;7;19;22;1;88;0;0;0;;0;0;;0;0;4;213;5;
6  May.;;1;7;0;0;3;;0;0;;0;;0;0;11;;0;;1;0;2;;0;;;0;1;0;;8;13;;13;1;9;9;0;64;0;1;0;;0;0;;0;0;1;145;4;
7  May.;;0;3;0;0;0;;0;0;;0;;0;0;1;;0;;0;0;0;;0;;;0;0;0;;1;1;;1;2;2;1;0;4;0;0;0;;0;0;;0;0;0;16;3;
8  May.;;0;8;0;0;2;;0;0;;0;;0;0;7;;1;;3;0;0;;0;;;0;0;0;;5;1;;24;2;9;27;0;50;0;0;1;;0;0;;0;0;11;151;5;
9  May.;;2;11;0;0;1;;1;0;;0;;0;0;4;;0;;1;2;0;;0;;;0;1;0;;3;3;;3;2;8;5;0;20;0;1;0;;0;0;;0;0;2;70;1;
10 May.;;0;4;0;0;3;;0;0;;0;;0;0;1;;0;;0;0;0;;1;;;0;0;0;;1;1;;2;1;3;0;0;16;0;0;0;;0;0;;0;0;3;36;1;
11 May.;;1;7;0;0;1;;0;0;;0;;0;0;1;;0;;0;0;0;;1;;;0;0;0;;3;1;;3;1;1;3;0;7;0;0;0;;0;0;;0;0;1;31;0;
12 May.;;0;1;0;0;0;;0;0;;0;;0;0;1;;0;;0;0;0;;0;;;0;0;0;;0;0;;1;1;3;0;0;3;0;0;0;;0;0;;0;0;1;11;1;
13 May.;;1;0;0;0;1;;0;0;;0;;0;0;0;;0;;0;0;0;;0;;;0;1;0;;0;1;;1;0;0;2;0;7;0;1;1;;0;0;;0;0;0;16;1;
14 May.;;1;0;0;0;1;;0;0;;0;;0;0;3;;0;;0;0;0;;0;;;0;0;0;;1;1;;0;1;2;3;0;22;0;0;1;;0;0;;0;0;2;38;2;
15 May.;;0;1;0;0;0;;0;0;;0;;0;0;2;;0;;1;0;0;;0;;;0;0;0;;1;0;;2;1;1;4;0;14;0;1;0;;0;0;;0;0;2;30;1;
16 May.;;0;2;0;0;0;;1;0;;0;;1;0;5;;0;;1;0;0;;0;;;0;0;0;;5;0;;10;1;2;22;0;22;0;2;0;;0;0;;0;1;1;76;16;
17 May.;;1;4;0;0;2;;0;0;;0;;0;0;8;;0;;0;0;0;;1;;;0;0;0;;9;2;;23;3;5;45;0;41;0;6;1;;0;0;;0;0;5;156;13;
18 May.;;1;5;0;0;1;;0;0;;0;;0;0;5;;0;;0;1;0;;0;;;0;0;0;;5;2;;9;3;1;22;0;29;0;5;1;;0;0;;0;0;3;93;7;
19 May.;;1;2;0;0;1;;0;0;;0;;0;0;10;;0;;0;0;0;;0;;;0;0;0;;6;1;;4;4;5;15;0;25;0;6;1;;0;0;;0;0;5;86;7;
20 May.;;0;0;0;0;0;;0;0;;0;;1;0;12;;0;;0;0;0;;0;;;0;0;0;;2;0;;3;5;1;17;0;13;0;9;0;;1;0;;0;0;2;66;5;
21 May.;;0;1;0;0;0;;0;0;;0;;0;0;9;;0;;0;0;0;;0;;;0;0;0;;6;0;;2;3;1;30;0;28;0;5;2;;0;0;;0;0;7;94;9;
22 May.;;1;1;0;0;1;;0;0;;0;;0;0;9;;0;;0;0;0;;0;;;0;0;0;;5;0;;1;3;1;10;0;14;0;1;0;;0;0;;0;0;11;58;4;
23 May.;;0;1;0;0;1;;0;0;;0;;0;0;9;;0;;0;0;0;;0;;;0;0;0;;1;0;;2;0;1;1;0;5;0;1;0;;0;0;;0;0;2;24;1;
24 May.;;0;1;0;0;0;;0;0;;0;;0;0;18;;0;;1;0;0;;0;;;0;0;0;;3;0;;1;1;0;14;0;18;0;2;0;;0;0;;0;0;9;68;16;
25 May.;;0;1;0;0;0;;0;0;;0;;0;0;16;;0;;16;0;0;;0;;;0;0;0;;6;1;;7;4;0;42;0;33;0;8;0;;0;0;;0;0;9;143;29;
26 May.;;0;0;0;0;0;;0;0;;0;;0;0;0;;3;;0;0;0;;0;;;0;0;0;;3;3;;3;1;0;7;0;19;0;0;0;;0;0;;0;0;1;40;13;
27 May.;;0;0;0;0;1;;0;0;;0;;1;0;9;;2;;1;0;0;;0;;;0;0;0;;7;41;;6;5;0;50;0;43;0;2;0;;0;0;;0;1;22;191;42;
28 May.;;1;1;0;0;1;;0;0;;0;;0;0;5;;1;;1;0;0;;0;;;0;0;0;;3;5;;7;3;0;28;0;22;0;3;0;;0;0;;0;0;31;112;19;
29 May.;;0;0;0;0;2;;0;0;;0;;1;0;3;;0;;0;0;0;;0;;;0;0;0;;5;3;;7;4;1;30;0;41;0;5;0;;0;0;;0;0;20;122;42;
30 May.;;0;1;1;0;1;;0;0;;0;;0;0;1;;1;;0;0;0;;1;;;7;0;0;;4;0;;9;7;2;25;0;24;0;3;0;;0;0;;0;0;21;108;73;
31 May.;;0;3;0;0;0;;0;0;;0;;0;0;5;;0;;1;0;0;;0;;;1;0;0;;7;0;;5;6;1;68;0;16;0;3;0;;0;0;;0;1;41;158;40;
1 Jun.;;0;1;0;0;0;;0;0;;0;;0;0;1;;3;;0;0;0;;1;;;3;0;0;;7;0;;2;3;0;22;0;16;0;0;0;;1;0;;0;0;8;68;97;
2 Jun.;;0;1;0;0;0;;0;0;;0;;0;0;3;;0;;0;0;0;;1;;;6;0;0;;7;0;;5;7;0;17;0;17;0;0;0;;0;0;;0;0;11;75;59;
3 Jun.;;0;0;0;0;3;;0;0;;0;;0;0;3;;1;;0;0;0;;0;;;3;0;0;;1;0;;5;7;2;26;0;7;0;2;0;;1;0;;0;0;7;68;92;
4 Jun.;;0;0;0;0;0;;0;1;;0;;0;0;0;;0;;0;0;0;;0;;;1;0;0;;0;0;;0;0;0;6;0;1;0;0;0;;0;0;;0;0;9;18;24;
5 Jun.;;0;0;0;0;0;;0;6;;0;;0;0;2;;1;;0;0;0;;0;;;3;0;0;;3;0;;0;14;0;44;0;11;0;2;0;;0;0;;0;0;44;130;101;
6 Jun.;;0;1;0;0;0;;1;3;;0;;0;0;1;;2;;0;0;0;;0;;;2;0;0;;5;0;;1;11;0;28;0;18;0;3;0;;0;0;;0;0;57;133;308;
7 Jun.;;0;0;0;0;0;;1;0;;0;;0;0;3;;10;;0;0;0;;1;;;29;0;0;;9;0;;17;13;0;28;0;24;0;1;0;;0;0;;0;0;17;153;358;
8 Jun.;;0;0;0;0;0;;0;0;;0;;0;0;1;;7;;2;0;0;;0;;;16;0;0;;7;0;;11;17;0;24;0;21;0;1;0;;1;1;;0;0;10;119;230;
9 Jun.;;0;1;0;0;1;;0;0;;0;;0;0;1;;1;;0;0;0;;0;;;5;0;0;;9;0;;5;5;1;16;0;24;0;1;0;;0;3;;0;0;16;89;253;
10 Jun.;;0;0;0;0;0;;0;11;;0;;0;0;1;;1;;0;0;0;;0;;;3;0;0;;3;0;;3;4;0;14;0;9;0;3;0;;0;0;;0;0;21;73;128;
11 Jun.;;0;1;0;0;0;;0;1;;0;;0;0;0;;0;;0;0;0;;0;;;1;0;0;;2;0;;0;1;0;5;0;1;0;0;0;;0;0;;0;0;9;21;18;
12 Jun.;;0;1;0;0;1;;0;2;;0;;0;0;1;;0;;0;0;0;;0;;;0;1;0;;3;0;;1;6;0;5;0;5;0;0;0;;0;1;;0;0;13;40;231;
13 Jun.;;0;0;0;0;0;;0;3;;0;;1;0;1;;0;;0;0;0;;0;;;1;0;0;;1;0;;1;2;0;3;0;1;0;0;0;;0;0;;0;0;9;23;52;
14 Jun.;;0;0;0;0;0;;0;5;;0;;0;0;1;;0;;0;0;0;;0;;;0;1;0;;3;0;;0;1;0;13;0;3;0;0;0;;0;0;;0;0;20;47;61;
15 Jun.;;0;0;0;0;0;;0;11;;0;;0;0;1;;0;;1;0;0;;0;;;0;0;0;;3;0;;0;6;0;31;0;1;0;1;0;;0;0;;0;0;28;83;126;
16 Jun.;;0;0;0;0;0;;0;7;;0;;0;0;0;;0;;0;0;0;;0;;;0;0;0;;5;0;;0;7;0;19;0;1;0;1;0;;0;0;;0;1;26;67;219;
17 Jun.;;0;0;0;0;0;;0;3;;0;;0;0;1;;0;;1;0;0;;0;;;0;0;0;;1;0;;1;1;0;5;0;1;0;0;0;;0;0;;0;0;4;18;55;
18 Jun.;;0;0;0;0;0;;0;0;;0;;0;0;0;;0;;0;0;0;;0;;;0;0;0;;1;0;;0;1;0;1;0;0;0;0;0;;0;0;;0;0;1;4;69;
19 Jun.;;0;1;0;0;0;;0;0;;0;;0;0;1;;3;;0;0;0;;0;;;1;0;0;;4;0;;3;5;0;5;0;4;0;1;0;;0;1;;0;0;6;35;203;
20 Jun.;;0;1;0;0;0;;0;1;;0;;0;0;0;;0;;0;0;0;;0;;;11;0;0;;3;0;;1;11;0;19;0;2;0;0;0;;0;1;;0;1;13;64;241;
21 Jun.;;0;0;0;0;0;;0;1;;0;;0;0;1;;1;;0;0;0;;0;;;0;0;0;;2;0;;1;4;0;3;0;4;0;1;0;;0;0;;0;0;6;24;152;
22 Jun.;;0;0;0;0;0;;0;0;;0;;17;0;0;;0;;0;0;0;;0;;;0;0;0;;2;0;;0;5;0;20;0;1;0;0;0;;0;0;;0;0;19;64;134;
23 Jun.;;0;0;0;0;0;;1;40;;0;;0;0;1;;0;;0;0;0;;0;;;0;0;0;;3;0;;0;5;0;32;0;1;0;0;0;;0;1;;0;0;28;112;243;
24 Jun.;;0;0;0;0;0;;0;42;;0;;0;0;1;;1;;1;0;0;;0;;;0;0;0;;3;0;;1;9;0;34;0;1;0;0;0;;1;3;;0;0;37;134;278;
25 Jun.;;0;0;0;0;0;;0;22;;0;;0;0;0;;0;;0;0;0;;0;;;0;0;0;;1;0;;0;5;0;20;0;1;0;0;0;;1;0;;0;1;24;75;570;
26 Jun.;;0;0;0;0;0;;1;8;;0;;0;0;1;;0;;0;0;0;;0;;;0;0;0;;3;0;;0;6;0;4;0;1;0;1;0;;0;1;;0;0;11;37;90;
27 Jun.;;0;0;0;0;0;;0;21;;0;;0;0;0;;0;;0;0;0;;0;;;0;0;0;;3;0;;0;6;0;20;0;3;0;0;0;;0;1;;0;0;9;63;70;
28 Jun.;;0;1;0;0;0;;0;57;;0;;0;0;1;;0;;0;0;0;;0;;;0;0;0;;4;0;;0;4;0;32;0;0;0;0;0;;0;1;;0;0;27;127;251;
29 Jun.;;0;0;0;0;0;;0;7;;0;;0;0;1;;0;;0;0;0;;0;;;0;0;0;;4;0;;0;2;0;6;0;0;0;0;0;;0;1;;0;0;6;27;64;
30 Jun.;;0;0;0;0;0;;0;20;;0;;0;0;1;;0;;0;0;0;;0;;;0;0;0;;2;0;;0;1;0;8;0;0;0;0;0;;0;0;;0;0;3;35;24;
1 Jul.;;0;0;0;0;0;;0;11;;0;;0;0;1;;0;;0;0;0;;0;;;0;0;0;;5;0;;0;3;0;36;0;1;0;0;0;;0;0;;0;0;15;72;46;
2 Jul.;;0;0;0;0;0;;0;1;;0;;0;0;0;;0;;0;0;0;;0;;;0;0;0;;1;0;;0;2;0;8;0;1;0;0;0;;0;0;;0;0;3;16;21;
3 Jul.;;0;0;0;0;0;;0;16;;0;;0;0;0;;0;;0;0;0;;0;;;0;0;0;;4;0;;0;7;0;63;0;1;0;0;0;;0;1;;0;1;24;117;93;
4 Jul.;;0;0;0;0;0;;1;70;;0;;0;0;0;;1;;0;0;0;;0;;;0;0;0;;6;0;;0;9;0;30;0;0;0;0;0;;0;0;;0;0;24;141;64;
5 Jul.;;0;0;0;0;0;;0;31;;0;;0;0;1;;0;;0;0;1;;0;;;0;1;0;;2;0;;0;6;0;32;0;1;0;0;0;;0;2;;0;0;20;97;133;
6 Jul.;;0;0;0;0;0;;0;2;;0;;0;0;1;;7;;1;0;0;;0;;;1;0;0;;5;0;;1;11;0;5;0;3;0;0;0;;0;0;;0;0;7;44;102;
7 Jul.;;0;0;0;0;0;;1;2;;0;;0;0;2;;7;;1;0;0;;0;;;0;0;0;;9;0;;1;3;0;7;0;10;0;1;0;;0;0;;0;0;7;51;371;
8 Jul.;;0;0;0;0;0;;0;9;;0;;0;0;3;;3;;1;0;0;;0;;;0;1;0;;7;0;;0;12;1;28;0;2;0;0;0;;0;0;;0;1;20;88;138;
9 Jul.;;0;0;0;0;1;;0;3;;0;;0;0;1;;2;;0;0;0;;0;;;0;0;0;;3;0;;0;9;0;18;0;2;0;0;0;;0;0;;0;1;13;53;132;
10 Jul.;;0;0;0;0;0;;1;13;;0;;2;0;2;;4;;2;0;0;;0;;;0;0;0;;6;0;;0;11;0;51;0;3;0;1;0;;0;0;;0;1;47;144;211;
11 Jul.;;0;0;0;0;0;;0;8;;0;;1;0;2;;1;;0;0;0;;0;;;0;0;0;;5;0;;0;22;1;9;0;4;0;0;0;;0;0;;0;1;14;68;53;
12 Jul.;;0;0;0;0;0;;1;3;;0;;0;0;2;;1;;0;0;0;;0;;;1;0;0;;2;0;;7;2;0;20;0;1;0;1;0;;1;0;;0;0;20;62;57;
13 Jul.;;0;0;0;0;0;;0;1;;0;;0;0;1;;1;;1;0;0;;0;;;0;0;0;;3;0;;0;3;0;4;0;0;0;1;0;;0;0;;0;0;36;51;41;
14 Jul.;;0;0;0;0;0;;0;21;;0;;1;0;1;;5;;0;0;0;;0;;;0;0;0;;8;0;;1;10;1;33;0;3;0;1;0;;0;0;;0;1;20;106;290;
15 Jul.;;0;0;0;0;0;;0;20;;0;;1;0;1;;0;;0;0;0;;0;;;0;0;0;;2;0;;0;7;0;8;0;1;0;1;0;;0;0;;0;0;10;51;64;
16 Jul.;;0;0;0;0;0;;0;3;;0;;1;0;0;;3;;0;0;0;;0;;;0;0;0;;2;0;;0;3;0;5;0;1;0;1;0;;1;0;;0;0;7;27;54;
17 Jul.;;0;0;0;0;0;;0;5;;0;;0;0;1;;14;;0;0;0;;0;;;1;1;0;;7;0;;1;6;1;24;0;1;0;0;0;;1;0;;0;0;33;96;152;
18 Jul.;;0;0;0;1;1;;0;3;;0;;1;0;1;;11;;2;1;0;;0;;;0;1;0;;9;0;;5;15;0;14;0;2;0;2;0;;0;1;;0;1;20;91;77;
19 Jul.;;0;0;0;0;0;;0;2;;0;;1;0;5;;0;;0;0;0;;0;;;0;0;0;;1;0;;0;4;0;7;0;1;0;0;0;;0;0;;0;0;15;36;22;
20 Jul.;;0;0;0;0;0;;1;0;;0;;0;0;1;;1;;0;0;0;;0;;;2;0;0;;7;0;;0;1;0;1;0;0;0;0;0;;0;0;;0;3;13;30;18;
21 Jul.;;0;0;0;0;0;;0;1;;0;;0;0;0;;0;;1;0;0;;0;;;0;0;0;;1;0;;0;1;0;3;0;0;0;0;0;;0;0;;0;0;11;18;5;
22 Jul.;;0;0;0;0;0;;0;1;;0;;0;0;0;;0;;0;0;0;;0;;;1;0;0;;6;0;;0;5;0;9;0;0;0;0;0;;0;1;;0;0;12;35;36;
23 Jul.;;0;0;0;0;0;;0;0;;0;;0;0;0;;2;;0;0;0;;0;;;0;0;0;;3;0;;0;4;0;3;0;0;0;0;0;;0;0;;0;0;7;19;21;
24 Jul.;;0;0;0;0;0;;0;1;;0;;0;0;1;;0;;0;0;0;;0;;;1;0;0;;4;0;;1;4;0;3;0;1;0;1;0;;1;0;;0;2;11;31;7;
25 Jul.;;0;0;0;0;0;;0;0;;0;;0;0;1;;1;;1;0;0;;0;;;0;0;0;;2;0;;1;1;0;5;0;1;0;0;0;;0;0;;0;0;7;20;8;
26 Jul.;;0;0;0;0;0;;0;0;;0;;0;0;0;;1;;1;0;0;;0;;;0;0;0;;3;0;;0;5;0;4;0;0;0;1;0;;0;0;;0;1;17;33;58;
27 Jul.;;0;0;0;0;0;;0;0;;0;;1;0;2;;3;;0;0;0;;0;;;0;0;0;;3;0;;1;3;0;6;0;1;0;1;0;;0;0;;0;0;22;43;68;
28 Jul.;;0;0;0;0;0;;1;1;;0;;0;0;0;;3;;1;0;0;;0;;;0;3;0;;1;0;;0;4;0;5;0;0;0;0;0;;0;0;;0;1;14;34;78;
29 Jul.;;0;0;1;0;0;;0;2;;0;;0;0;1;;3;;0;0;0;;0;;;0;0;0;;3;0;;0;1;0;3;0;1;0;0;0;;0;0;;0;0;14;29;71;
30 Jul.;;0;0;0;0;0;;0;0;;0;;0;0;0;;0;;0;0;0;;0;;;0;0;0;;1;0;;0;3;0;3;0;0;0;0;0;;0;0;;0;0;6;13;8;
31 Jul.;;0;0;0;0;0;;0;0;;0;;0;0;0;;1;;1;0;0;;0;;;0;1;0;;1;0;;1;5;0;7;0;0;0;0;0;;0;0;;0;0;34;51;58;
1  Ago.;;0;0;0;0;0;;0;1;;0;;0;0;1;;0;;1;0;0;;0;;;0;0;0;;7;0;;1;7;0;2;0;0;0;0;0;;1;0;;0;0;35;56;115;
2  Ago.;;0;1;0;0;0;;0;0;;0;;1;0;0;;5;;1;0;0;;0;;;0;1;0;;5;0;;0;4;0;1;0;1;0;0;0;;1;0;;0;1;7;29;39;
3  Ago.;;0;0;1;0;0;;0;0;;0;;0;0;1;;0;;0;0;0;;0;;;0;0;0;;3;0;;1;4;0;0;0;0;0;0;0;;0;0;;0;0;7;17;9;
4  Ago.;;0;1;0;0;0;;0;0;;0;;0;0;0;;0;;0;0;0;;0;;;0;0;0;;1;0;;0;1;1;1;0;0;0;0;0;;0;0;;0;0;2;7;2;
5  Ago.;;0;0;0;0;0;;0;0;;0;;0;0;0;;0;;0;0;0;;0;;;0;1;0;;3;0;;0;0;0;0;0;0;0;0;0;;0;0;;0;0;9;13;6;
6  Ago.;;0;0;0;0;0;;0;0;;0;;0;0;0;;0;;0;0;0;;0;;;0;0;0;;1;0;;0;1;0;0;0;0;0;0;0;;0;0;;0;0;0;2;1;
7  Ago.;;0;0;0;0;0;;0;0;;0;;1;0;0;;2;;2;0;0;;0;;;0;0;0;;3;0;;0;2;0;3;0;1;0;0;0;;1;0;;0;1;35;51;45;
8  Ago.;;0;0;0;0;0;;0;1;;0;;0;0;0;;0;;3;0;0;;0;;;0;0;0;;5;0;;0;5;1;5;0;0;0;0;0;;0;0;;0;1;65;86;47;
9  Ago.;;0;0;0;1;0;;1;0;;0;;0;0;0;;17;;1;0;0;;0;;;0;0;0;;7;0;;0;3;7;6;0;1;0;0;0;;0;0;;0;0;31;75;61;
10 Ago.;;0;0;0;0;0;;0;1;;0;;0;0;1;;1;;0;1;0;;0;;;0;0;0;;1;0;;0;7;2;3;0;1;0;0;0;;0;1;;0;0;18;37;29;
11 Ago.;;0;0;0;1;0;;0;0;;0;;0;0;1;;3;;1;0;0;;0;;;0;0;0;;4;0;;0;1;1;5;0;0;0;0;0;;0;0;;0;0;24;41;11;
12 Ago.;;0;0;0;0;0;;0;0;;0;;0;0;0;;1;;0;1;0;;0;;;0;0;0;;4;0;;0;4;0;3;0;0;0;1;0;;0;0;;0;1;11;26;7;
13 Ago.;;0;0;0;0;0;;0;0;;0;;0;0;0;;8;;0;0;0;;0;;;0;0;0;;7;0;;1;2;1;1;0;0;0;0;0;;0;0;;0;1;14;35;13;
14 Ago.;;0;0;0;0;0;;0;0;;0;;0;0;1;;8;;1;0;0;;0;;;0;0;0;;6;0;;1;3;0;2;0;0;0;0;0;;0;0;;0;0;14;36;28;
15 Ago.;;0;0;0;0;0;;0;0;;0;;0;0;0;;3;;1;0;0;;0;;;0;0;0;;0;0;;0;3;0;1;0;1;0;0;0;;0;0;;0;1;15;25;7;
16 Ago.;;0;0;0;0;0;;0;0;;0;;0;0;0;;9;;0;0;0;;0;;;0;0;0;;1;0;;1;1;0;1;0;0;0;1;0;;0;0;;0;0;7;21;14;
17 Ago.;;0;0;0;0;0;;0;1;;0;;1;0;1;;13;;2;1;0;;0;;;0;1;0;;3;0;;0;7;0;1;0;1;0;0;0;;1;0;;0;1;41;75;36;
18 Ago.;;0;0;0;0;0;;0;0;;0;;1;0;0;;17;;2;0;0;;0;;;0;0;0;;15;0;;0;2;0;3;0;0;0;0;0;;0;0;;0;3;16;59;32;
19 Ago.;;0;0;0;0;0;;0;3;;0;;0;0;0;;3;;1;0;0;;0;;;0;1;0;;4;0;;0;3;0;3;0;0;0;0;0;;1;0;;0;1;24;44;22;
20 Ago.;;0;0;0;0;0;;0;0;;0;;0;0;0;;5;;0;0;0;;0;;;0;1;0;;1;0;;0;0;0;1;0;0;0;0;0;;0;0;;0;0;8;16;13;
21 Ago.;;0;0;0;0;0;;0;0;;0;;2;0;0;;5;;1;0;0;;0;;;0;1;0;;7;0;;1;5;0;3;0;0;0;0;0;;0;0;;0;0;32;57;32;
22 Ago.;;0;0;0;0;0;;0;0;;0;;0;0;0;;10;;2;0;0;;0;;;0;0;0;;5;0;;0;4;0;1;0;0;0;0;0;;0;0;;0;0;36;58;36;
23 Ago.;;0;0;0;1;0;;0;1;;0;;0;0;0;;9;;0;0;0;;0;;;0;0;0;;3;0;;2;1;0;1;0;0;0;0;0;;1;0;;0;0;8;27;26;
24 Ago.;;0;0;0;0;0;;0;1;;0;;0;0;0;;8;;1;1;0;;0;;;1;0;0;;9;0;;0;1;0;1;0;1;0;0;0;;0;0;;0;1;10;35;28;
25 Ago.;;0;0;0;0;0;;0;0;;0;;0;0;0;;1;;1;0;0;;0;;;0;0;0;;4;0;;0;3;0;1;0;0;0;0;0;;0;0;;0;0;2;12;7;
26 Ago.;;0;0;0;0;0;;0;1;;0;;0;0;0;;0;;0;0;0;;0;;;0;0;0;;3;0;;0;1;0;0;0;0;0;0;0;;0;1;;0;0;1;7;3;
27 Ago.;;0;0;0;0;0;;0;0;;0;;0;0;0;;0;;0;0;0;;0;;;0;0;0;;0;0;;0;1;0;0;0;0;0;0;0;;0;0;;0;0;0;1;0;
28 Ago.;;0;0;0;0;0;;0;0;;0;;0;0;0;;0;;0;0;0;;0;;;0;0;0;;1;0;;0;0;0;1;0;0;0;0;0;;0;0;;0;0;2;4;1;
29 Ago.;;0;0;0;0;0;;0;0;;0;;0;0;1;;0;;0;0;0;;0;;;0;0;0;;1;0;;0;1;0;0;0;0;0;0;0;;0;0;;0;1;3;7;7;
30 Ago.;;0;0;0;0;0;;0;0;;0;;0;0;0;;1;;0;0;0;;0;;;0;0;0;;1;0;;0;0;0;2;0;0;0;0;0;;0;0;;0;0;3;7;8;
31 Ago.;;0;0;0;0;0;;0;0;;0;;0;0;0;;3;;1;0;0;;0;;;0;0;0;;1;0;;0;1;0;1;0;1;0;0;0;;0;0;;0;0;3;11;36;
1   Sep.;;0;0;0;1;0;;0;1;;0;;0;0;1;;7;;1;0;0;;0;;;0;0;0;;3;0;;0;1;0;2;0;0;0;0;0;;0;0;;0;0;4;21;34;
2   Sep.;;0;0;0;0;0;;0;0;;0;;0;0;0;;1;;0;0;0;;0;;;0;0;0;;2;0;;0;0;0;0;0;0;0;0;0;;0;0;;0;0;1;4;3;
3   Sep.;;0;0;0;1;0;;0;0;;0;;0;0;0;;7;;0;0;0;;0;;;1;0;0;;2;0;;0;0;0;0;0;0;0;0;0;;0;0;;0;0;0;11;19;
4   Sep.;;0;0;0;0;0;;0;0;;0;;0;0;1;;5;;0;0;0;;0;;;1;0;0;;2;0;;1;0;0;1;0;0;0;0;0;;0;0;;0;0;1;12;37;
5   Sep.;;0;0;0;1;0;;0;0;;0;;0;0;1;;22;;0;1;0;;0;;;0;0;0;;5;0;;0;1;0;3;0;0;0;0;0;;0;0;;0;0;0;34;47;
6   Sep.;;0;0;0;1;0;;0;0;;0;;0;0;0;;15;;1;0;0;;0;;;0;1;0;;8;0;;0;0;0;1;0;0;0;0;0;;0;0;;0;0;1;28;24;
7   Sep.;;0;0;0;0;0;;0;0;;0;;1;0;0;;22;;0;0;0;;0;;;0;1;0;;4;0;;0;0;0;0;0;0;0;0;0;;0;0;;0;0;2;30;44;
8   Sep.;;0;0;0;0;0;;0;0;;0;;0;0;0;;0;;0;0;0;;0;;;0;0;0;;0;0;;0;0;0;0;0;0;0;0;0;;0;0;;0;0;1;1;1;
9   Sep.;;0;0;0;0;0;;0;0;;0;;0;0;0;;0;;0;0;0;;0;;;0;0;0;;1;0;;0;0;0;0;0;0;0;0;0;;0;0;;0;0;0;1;0;
10 Sep.;;0;0;0;1;0;;0;0;;0;;0;0;0;;1;;0;0;0;;0;;;0;0;0;;0;0;;0;0;0;0;0;0;0;0;0;;0;0;;0;0;0;2;1;
11 Sep.;;0;0;0;1;0;;0;0;;0;;0;0;0;;1;;0;0;0;;0;;;0;1;0;;2;0;;0;1;0;1;0;0;0;0;0;;0;0;;0;0;1;8;17;
12 Sep.;;0;0;0;1;0;;0;0;;0;;0;0;0;;3;;1;0;0;;0;;;0;0;0;;1;0;;0;0;0;1;0;0;0;0;0;;0;0;;0;0;1;8;25;
13 Sep.;;0;0;0;0;0;;0;0;;1;;0;0;0;;5;;0;0;0;;0;;;0;0;0;;0;0;;0;0;0;3;0;0;0;0;0;;0;0;;0;0;2;11;60;
14 Sep.;;0;0;0;0;0;;0;0;;0;;0;0;0;;9;;1;0;0;;0;;;0;0;0;;5;0;;0;0;0;0;0;0;0;0;0;;0;0;;0;0;1;16;21;
15 Sep.;;0;0;0;0;0;;0;0;;0;;1;0;0;;1;;1;0;0;;0;;;0;0;0;;1;0;;0;0;0;0;0;0;0;0;0;;0;0;;0;0;0;4;4;
16 Sep.;;0;0;0;0;0;;0;0;;0;;0;0;0;;1;;1;0;0;;0;;;0;0;0;;2;0;;0;0;0;1;0;0;0;0;0;;0;0;;0;0;1;6;2;
17 Sep.;;0;0;0;0;0;;0;0;;0;;0;0;0;;0;;1;0;0;;0;;;0;0;0;;1;0;;0;0;0;0;0;0;0;0;0;;0;0;;0;0;1;3;0;
18 Sep.;;0;0;0;0;0;;0;0;;0;;0;0;0;;1;;0;0;0;;0;;;0;0;0;;2;0;;0;1;0;1;0;0;0;0;0;;0;0;;0;0;0;5;3;
19 Sep.;;0;0;0;0;0;;0;0;;0;;0;0;1;;3;;0;0;0;;0;;;0;0;0;;0;0;;0;1;0;0;0;0;0;0;0;;0;0;;0;0;0;5;11;
20 Sep.;;0;0;0;0;0;;0;0;;0;;0;0;1;;0;;0;0;0;;0;;;0;0;0;;1;0;;0;1;0;0;0;0;0;0;0;;0;0;;0;0;0;3;7;
21 Sep.;;0;0;0;1;0;;0;0;;0;;0;0;1;;7;;0;0;0;;0;;;0;0;0;;2;0;;0;0;0;4;0;0;0;0;0;;0;0;;0;0;1;16;47;
22 Sep.;;0;0;0;0;0;;0;0;;1;;0;0;1;;0;;0;0;0;;0;;;0;0;0;;3;0;;0;0;0;0;0;0;0;0;0;;0;0;;0;0;2;7;3;
23 Sep.;;0;0;0;0;0;;0;0;;0;;0;0;0;;0;;0;0;0;;0;;;0;0;0;;1;0;;0;1;0;0;0;0;0;0;0;;0;0;;0;0;5;7;6;
24 Sep.;;0;0;0;0;0;;0;0;;0;;0;0;1;;3;;0;0;0;;0;;;0;1;0;;1;0;;0;0;0;1;0;0;0;0;0;;0;0;;0;0;3;10;16;
25 Sep.;;0;0;0;1;0;;0;0;;0;;0;0;0;;1;;0;0;0;;0;;;0;1;0;;1;0;;0;0;0;1;0;1;0;0;0;;0;0;;0;0;3;9;20;
26 Sep.;;0;0;0;1;0;;0;0;;1;;0;0;1;;7;;0;0;0;;0;;;0;0;0;;1;0;;0;2;0;1;0;0;0;0;0;;0;0;;0;0;9;23;20;
27 Sep.;;0;0;0;0;0;;0;0;;1;;0;0;1;;1;;0;0;0;;0;;;0;0;0;;1;0;;0;1;0;1;0;0;0;0;0;;0;0;;0;0;7;13;14;
28 Sep.;;0;0;0;0;0;;0;0;;1;;0;0;2;;3;;1;0;0;;0;;;0;0;0;;1;0;;0;0;0;0;0;1;0;0;0;;0;0;;0;0;7;16;14;
29 Sep.;;0;0;0;0;0;;0;0;;0;;0;0;0;;0;;0;0;0;;0;;;0;0;0;;1;0;;0;1;0;1;0;0;0;0;0;;0;0;;0;0;10;13;9;
30 Sep.;;0;0;0;0;0;;0;0;;1;;0;0;1;;1;;0;0;0;;0;;;0;1;0;;0;0;;0;0;0;0;0;0;0;0;0;;0;0;;0;0;2;6;18;
1   Oct.;;0;0;0;0;0;;0;0;;0;;0;0;7;;1;;1;0;0;;0;;;0;1;0;;2;0;;0;1;0;0;0;2;0;0;0;;0;0;;0;0;4;19;30;
2   Oct.;;0;0;0;0;0;;0;0;;1;;0;0;8;;3;;0;0;0;;0;;;0;0;0;;4;0;;0;0;0;1;0;7;0;0;0;;0;0;;0;0;4;28;56;
3   Oct.;;0;0;0;0;1;;0;0;;1;;0;0;0;;0;;0;0;0;;0;;;1;1;0;;4;0;;0;1;0;0;0;0;0;0;0;;0;0;;0;0;2;11;9;
4   Oct.;;0;0;0;0;0;;0;0;;0;;0;0;6;;1;;0;0;0;;0;;;0;1;0;;1;0;;0;1;0;0;0;2;0;0;0;;0;0;;0;0;6;18;11;
5   Oct.;;0;0;0;0;0;;0;0;;0;;0;0;2;;0;;0;0;0;;0;;;0;0;0;;1;0;;0;0;0;0;0;1;0;0;0;;0;0;;0;0;3;7;9;
6   Oct.;;0;0;0;0;0;;0;0;;0;;0;0;0;;0;;0;0;0;;0;;;0;0;0;;0;0;;0;0;0;0;0;0;0;0;0;;0;0;;0;0;0;0;0;
7   Oct.;;0;0;0;0;0;;0;0;;0;;0;0;0;;0;;0;0;0;;0;;;0;0;0;;0;0;;0;0;0;0;0;0;0;0;0;;0;0;;0;0;0;0;0;
8   Oct.;;0;0;0;0;0;;0;0;;0;;0;0;0;;0;;0;0;0;;0;;;0;0;0;;0;0;;0;0;0;0;0;0;0;0;0;;0;0;;0;0;0;0;0;
9   Oct.;;0;0;0;0;0;;0;0;;0;;0;0;3;;1;;0;0;0;;0;;;0;1;0;;1;0;;0;0;0;0;0;1;0;0;0;;0;0;;0;1;7;15;9;
10 Oct.;;0;0;0;0;0;;0;0;;0;;0;0;1;;1;;0;0;0;;0;;;0;0;0;;2;0;;0;0;0;1;0;0;0;0;0;;0;0;;0;0;5;10;15;
11 Oct.;;0;0;0;0;0;;0;0;;1;;0;0;32;;0;;0;0;0;;0;;;0;0;0;;5;0;;0;0;0;0;0;0;0;0;0;;0;0;;0;0;1;39;24;
12 Oct.;;0;0;0;0;0;;0;0;;0;;0;0;24;;1;;0;0;0;;0;;;0;0;0;;2;0;;0;1;0;1;0;2;0;0;0;;0;0;;0;4;1;36;32;
13 Oct.;;0;0;0;0;0;;0;0;;0;;0;0;18;;0;;0;0;0;;0;;;0;3;0;;4;0;;0;0;0;1;0;3;0;0;0;;0;0;;0;0;0;29;23;
14 Oct.;;0;0;0;0;0;;0;0;;1;;0;0;1;;0;;0;0;0;;0;;;0;0;0;;1;0;;0;0;0;0;0;0;0;0;0;;0;0;;0;0;1;4;5;
15 Oct.;;0;0;0;0;0;;0;0;;0;;0;0;0;;0;;0;0;0;;0;;;0;0;0;;1;0;;0;0;0;0;0;0;0;0;0;;0;0;;0;0;1;2;5;
16 Oct.;;0;0;0;0;0;;0;0;;0;;0;0;14;;0;;0;0;0;;0;;;0;1;0;;2;0;;0;0;0;0;0;1;0;0;0;;0;0;;0;0;1;19;44;
17 Oct.;;0;0;0;0;0;;0;0;;3;;0;0;20;;1;;1;0;0;;0;;;1;2;0;;22;0;;0;1;0;0;0;4;0;0;0;;0;0;;0;0;2;57;142;
18 Oct.;;0;0;0;0;0;;0;0;;0;;1;0;1;;0;;0;0;0;;0;;;0;5;0;;3;0;;0;1;0;0;0;2;0;0;0;;0;0;;0;0;3;16;26;
19 Oct.;;0;0;0;0;0;;0;0;;1;;0;0;1;;0;;0;0;0;;0;;;0;1;0;;1;0;;0;0;0;0;0;0;0;0;0;;0;0;;0;0;0;4;5;
20 Oct.;;0;0;0;0;0;;0;0;;1;;0;0;2;;0;;0;0;0;;0;;;0;0;0;;2;0;;0;1;0;0;0;0;0;0;0;;0;0;;0;0;0;6;1;
21 Oct.;;0;0;0;0;0;;0;0;;0;;0;0;3;;0;;0;0;0;;0;;;0;1;0;;1;0;;0;0;0;0;0;0;0;0;0;;0;0;;0;0;0;5;10;
22 Oct.;;0;0;0;0;0;;0;0;;1;;0;0;11;;0;;0;1;0;;0;;;0;0;0;;3;0;;0;0;0;0;0;1;0;0;0;;0;0;;0;0;0;17;21;
23 Oct.;;0;0;0;0;0;;0;0;;0;;0;0;3;;0;;0;0;0;;0;;;0;0;0;;1;0;;0;0;0;0;0;0;0;0;0;;0;0;;0;0;0;4;2;
24 Oct.;;0;0;0;0;0;;0;0;;0;;0;0;0;;1;;0;0;0;;0;;;0;2;0;;1;0;;0;0;0;0;0;1;0;0;0;;0;0;;0;0;0;5;9;
25 Oct.;;0;0;0;0;0;;0;0;;0;;0;0;1;;0;;0;0;0;;0;;;0;1;0;;3;0;;0;0;0;0;0;0;0;0;0;;0;0;;0;0;1;6;4;
26 Oct.;;0;0;0;0;0;;0;0;;0;;0;0;3;;0;;0;0;0;;0;;;0;1;0;;0;0;;0;0;0;0;0;0;0;0;0;;0;0;;0;0;0;4;0;
27 Oct.;;0;0;0;0;0;;0;0;;0;;0;0;1;;0;;0;0;0;;0;;;0;1;0;;1;0;;0;0;0;1;0;0;0;0;0;;0;0;;0;2;0;6;1;
28 Oct.;;0;0;0;0;0;;0;0;;0;;0;0;0;;0;;0;0;0;;0;;;0;0;0;;2;0;;0;0;0;0;0;0;0;0;0;;0;0;;0;0;0;2;1;
29 Oct.;;0;0;0;0;0;;0;0;;0;;0;0;1;;0;;0;0;0;;0;;;0;0;0;;0;0;;0;0;0;0;0;0;0;0;0;;0;0;;0;0;0;1;0;
30 Oct.;;0;0;0;0;0;;0;0;;1;;0;0;1;;0;;0;0;0;;0;;;0;1;0;;0;0;;0;0;0;0;0;0;0;0;0;;0;0;;0;0;0;3;2;
31 Oct.;;0;0;0;4;0;;0;0;;0;;0;0;1;;0;;0;0;0;;0;;;0;3;0;;0;0;;0;1;0;0;0;1;0;0;0;;0;0;;0;0;0;10;1;
1   Nov.;;0;0;0;0;0;;0;0;;2;;0;0;5;;0;;0;0;0;;0;;;0;1;0;;3;0;;0;0;0;0;0;0;0;0;0;;0;0;;0;0;1;12;4;
2   Nov.;;0;0;0;0;0;;0;0;;0;;0;0;6;;0;;0;1;0;;0;;;0;0;0;;1;0;;0;0;0;1;0;0;0;0;0;;0;0;;0;0;0;9;1;
3   Nov.;;0;0;0;0;0;;0;0;;0;;0;0;0;;0;;0;0;0;;0;;;0;0;0;;0;0;;0;0;0;0;0;0;0;0;0;;0;0;;0;0;0;0;1;
4   Nov.;;0;0;0;0;0;;0;0;;1;;0;0;1;;0;;0;0;0;;0;;;0;1;0;;3;0;;0;0;0;0;0;0;0;0;0;;0;0;;0;0;0;6;5;
5   Nov.;;0;0;0;0;0;;0;0;;0;;0;0;1;;0;;0;0;0;;0;;;0;0;0;;1;0;;0;0;0;0;0;0;0;0;0;;0;0;;0;0;0;2;0;
6   Nov.;;0;0;0;0;0;;0;0;;1;;0;0;1;;0;;1;0;0;;0;;;0;1;0;;1;0;;0;0;0;0;0;0;0;0;0;;0;0;;0;0;0;5;1;
7   Nov.;;0;0;0;0;0;;0;0;;0;;0;0;1;;0;;0;0;0;;0;;;0;0;0;;1;0;;0;0;0;0;0;0;0;0;0;;0;0;;0;0;0;2;0;
8   Nov.;;0;0;0;1;0;;0;0;;1;;0;0;1;;0;;0;0;0;;0;;;0;1;0;;1;0;;0;0;0;0;0;0;0;0;0;;0;0;;0;0;1;6;1;
9   Nov.;;0;0;0;0;0;;0;0;;0;;0;0;3;;0;;0;0;0;;0;;;0;0;0;;1;0;;0;0;0;0;0;1;0;0;0;;0;0;;0;0;0;5;3;
10 Nov.;;0;0;0;0;0;;0;0;;0;;0;0;5;;0;;0;0;0;;0;;;0;0;0;;0;0;;0;0;0;0;0;0;0;0;0;;0;0;;0;0;0;5;0;
11 Nov.;;0;0;0;0;0;;0;0;;1;;0;0;6;;0;;0;0;0;;0;;;0;1;0;;1;0;;0;0;0;0;0;0;0;0;0;;0;0;;0;0;0;9;1;
12 Nov.;;0;0;0;0;0;;0;0;;0;;0;0;1;;0;;0;0;0;;0;;;0;1;0;;1;0;;0;1;0;0;0;0;0;0;0;;0;0;;0;0;1;5;1;
13 Nov.;;0;0;0;0;0;;0;0;;0;;0;0;14;;1;;0;0;0;;0;;;0;2;0;;0;0;;0;0;0;0;0;0;0;0;0;;0;0;;0;0;1;18;4;
14 Nov.;;0;0;0;0;0;;0;0;;0;;0;0;5;;0;;0;0;0;;0;;;0;0;0;;0;0;;0;0;0;0;0;0;0;0;0;;0;0;;0;0;1;6;1;
15 Nov.;;0;0;0;0;0;;0;0;;0;;0;0;2;;0;;0;0;0;;0;;;0;1;0;;0;0;;0;0;0;0;0;0;0;0;0;;0;0;;0;0;1;4;1;
16 Nov.;;0;0;0;0;0;;0;0;;0;;0;0;6;;0;;0;0;0;;0;;;0;0;0;;0;0;;0;0;0;0;0;0;0;0;0;;0;0;;0;0;1;7;0;
17 Nov.;;0;0;0;0;0;;0;0;;0;;0;0;3;;0;;0;0;0;;0;;;0;0;0;;1;0;;0;0;0;0;0;0;0;0;0;;0;0;;0;0;1;5;2;
18 Nov.;;0;0;0;0;0;;0;0;;0;;0;0;16;;0;;0;0;0;;0;;;0;1;0;;1;0;;0;0;0;0;0;0;0;0;0;;0;0;;0;0;0;18;9;
19 Nov.;;0;0;0;0;0;;0;0;;0;;0;0;1;;0;;0;0;0;;0;;;0;0;0;;1;0;;0;0;0;0;0;0;0;0;0;;0;0;;0;0;0;2;4;
20 Nov.;;0;0;0;0;0;;0;0;;1;;0;0;4;;0;;0;0;0;;0;;;0;0;0;;1;0;;0;0;0;0;0;0;0;0;0;;0;0;;0;0;0;6;0;
21 Nov.;;0;0;0;0;0;;0;0;;0;;0;0;0;;0;;0;1;0;;0;;;0;1;0;;0;0;;0;0;0;1;0;0;0;0;0;;0;0;;0;0;0;3;1;
22 Nov.;;0;0;0;0;0;;0;0;;0;;0;0;0;;0;;0;1;0;;0;;;0;1;0;;2;0;;0;0;0;0;0;0;0;0;0;;0;0;;0;0;0;4;0;
23 Nov.;;0;0;0;0;0;;0;0;;1;;0;0;0;;0;;0;0;0;;0;;;0;0;0;;1;0;;0;0;0;0;0;0;0;0;0;;0;0;;0;0;0;2;0;
24 Nov.;;0;0;0;0;0;;0;0;;0;;0;0;0;;0;;0;0;0;;0;;;0;0;0;;2;0;;0;0;0;0;0;0;0;0;0;;0;0;;0;0;0;2;1;
25 Nov.;;0;0;0;0;0;;0;0;;0;;0;0;1;;0;;0;0;0;;0;;;0;0;0;;1;0;;0;0;0;0;0;0;0;0;0;;0;0;;0;0;1;3;0;
26 Nov.;;0;0;0;0;0;;0;0;;0;;0;0;0;;0;;0;0;0;;0;;;0;0;0;;0;0;;0;0;0;0;0;0;0;0;0;;0;0;;0;0;0;0;1;
27 Nov.;;0;0;0;0;0;;0;0;;0;;0;0;0;;0;;0;0;0;;0;;;0;0;0;;0;0;;0;0;0;0;0;0;0;0;0;;0;0;;0;0;0;0;0;
28 Nov.;;0;0;0;0;0;;0;0;;0;;0;0;1;;0;;0;0;0;;0;;;0;0;0;;0;0;;0;0;0;0;0;0;0;0;0;;0;0;;0;0;0;1;0;
29 Nov.;;0;0;0;0;0;;0;0;;1;;0;0;30;;0;;0;0;0;;0;;;0;2;0;;1;0;;0;0;0;0;0;0;0;0;0;;0;0;;0;0;0;34;3;
30 Nov.;;0;0;0;0;0;;0;0;;0;;0;0;0;;0;;0;0;0;;0;;;0;0;0;;0;0;;0;0;0;0;0;0;0;0;0;;0;0;;0;0;0;0;0;
1   Dic.;;0;0;0;0;0;;0;0;;0;;0;0;38;;0;;0;0;0;;0;;;0;0;0;;0;0;;0;0;0;0;0;0;0;0;0;;0;0;;0;0;0;38;1;
2   Dic.;;0;0;0;0;0;;0;0;;0;;0;0;0;;0;;0;0;0;;0;;;0;0;0;;0;0;;0;0;0;0;0;0;0;0;0;;0;0;;0;0;0;0;0;
3   Dic.;;0;0;0;0;0;;0;0;;1;;0;0;5;;1;;0;0;0;;0;;;0;0;0;;1;0;;0;0;0;0;0;0;0;0;0;;0;0;;0;0;1;9;1;
4   Dic.;;0;0;0;0;0;;0;0;;0;;0;0;0;;0;;0;0;0;;0;;;0;0;0;;1;0;;0;0;0;0;0;0;0;0;0;;0;0;;0;0;0;1;0;
5   Dic.;;0;0;0;0;0;;0;0;;0;;0;0;0;;0;;0;0;0;;0;;;0;0;0;;1;0;;0;0;0;0;0;0;0;0;0;;0;0;;0;0;0;1;2;
6   Dic.;;0;0;0;0;0;;0;0;;0;;0;0;0;;0;;0;0;0;;0;;;0;0;0;;1;0;;0;0;0;0;0;0;0;0;0;;0;0;;0;0;0;1;0;
7   Dic.;;0;0;0;0;0;;0;0;;0;;0;0;0;;0;;0;0;0;;0;;;0;0;0;;0;0;;0;0;0;0;0;0;0;0;0;;0;0;;0;0;0;0;0;
8   Dic.;;0;0;0;0;0;;0;0;;0;;0;0;0;;0;;0;0;0;;0;;;0;0;0;;0;0;;0;0;0;0;0;0;0;0;0;;0;0;;0;0;0;0;1;
9   Dic.;;0;0;0;0;0;;0;0;;0;;0;0;2;;0;;0;0;0;;0;;;0;0;0;;1;0;;0;0;0;0;0;0;0;0;0;;0;0;;0;0;0;3;0;
10 Dic.;;0;0;0;0;0;;0;0;;0;;0;0;1;;0;;0;0;0;;0;;;0;0;0;;0;0;;0;0;0;0;0;0;0;0;0;;0;0;;0;0;0;1;0;
11 Dic.;;0;0;0;0;0;;0;0;;0;;0;0;11;;0;;0;0;0;;0;;;0;0;0;;2;0;;0;0;0;1;0;0;0;0;0;;0;0;;0;0;1;15;1;
12 Dic.;;0;0;0;0;0;;0;0;;1;;0;0;14;;0;;0;0;0;;0;;;0;1;0;;1;0;;0;0;0;0;0;0;0;0;0;;0;0;;0;0;0;17;1;
13 Dic.;;0;0;0;0;0;;0;0;;0;;0;0;1;;0;;0;0;0;;0;;;0;0;0;;0;0;;0;0;0;0;0;0;0;0;0;;0;0;;0;0;0;1;0;
14 Dic.;;0;0;0;0;0;;0;0;;0;;0;0;0;;0;;0;1;0;;0;;;0;0;0;;0;0;;0;0;0;0;0;0;0;0;0;;0;0;;0;0;1;2;0;
15 Dic.;;0;0;0;0;0;;0;0;;0;;0;0;0;;0;;0;0;0;;0;;;0;0;0;;0;0;;0;0;0;0;0;0;0;0;0;;0;0;;0;0;0;0;0;
16 Dic.;;0;0;0;0;0;;0;0;;0;;0;0;0;;0;;0;0;0;;0;;;0;1;0;;0;0;;0;0;0;0;0;0;0;0;0;;0;0;;0;0;1;2;0;
17 Dic.;;0;0;0;0;0;;0;0;;0;;0;0;0;;0;;0;0;0;;0;;;0;0;0;;1;0;;0;0;0;0;0;0;0;0;0;;0;0;;0;0;0;1;0;
18-dic;;;;;;;;;;;;;;;;;;;;;;;;;;;;;;;;;;;;;;;;;;;;;;;;;;;
19-dic;;;;;;;;;;;;;;;;;;;;;;;;;;;;;;;;;;;;;;;;;;;;;;;;;;;
20-dic;;;;;;;;;;;;;;;;;;;;;;;;;;;;;;;;;;;;;;;;;;;;;;;;;;;
21-dic;;;;;;;;;;;;;;;;;;;;;;;;;;;;;;;;;;;;;;;;;;;;;;;;;;;
22-dic;;;;;;;;;;;;;;;;;;;;;;;;;;;;;;;;;;;;;;;;;;;;;;;;;;;
23-dic;;;;;;;;;;;;;;;;;;;;;;;;;;;;;;;;;;;;;;;;;;;;;;;;;;;
24-dic;;;;;;;;;;;;;;;;;;;;;;;;;;;;;;;;;;;;;;;;;;;;;;;;;;;
25-dic;;;;;;;;;;;;;;;;;;;;;;;;;;;;;;;;;;;;;;;;;;;;;;;;;;;
26-dic;;;;;;;;;;;;;;;;;;;;;;;;;;;;;;;;;;;;;;;;;;;;;;;;;;;
27-dic;;;;;;;;;;;;;;;;;;;;;;;;;;;;;;;;;;;;;;;;;;;;;;;;;;;
28-dic;;;;;;;;;;;;;;;;;;;;;;;;;;;;;;;;;;;;;;;;;;;;;;;;;;;
29-dic;;;;;;;;;;;;;;;;;;;;;;;;;;;;;;;;;;;;;;;;;;;;;;;;;;;
30-dic;;;;;;;;;;;;;;;;;;;;;;;;;;;;;;;;;;;;;;;;;;;;;;;;;;;
31-dic;;;;;;;;;;;;;;;;;;;;;;;;;;;;;;;;;;;;;;;;;;;;;;;;;;;
;
;
;
;
